"","crossID","Order_1","Year","plotNo","Region","plotNo_Numeric","date","GrowDays","Paint2Plant","femaPar","femaParLoc","malePar","maleParLoc","Crosses","CrossLoc","PlantingDens","development","line","position","block","PhotoScore","wetWgtPlot","lengthPlot","wetWgtPerM","percDryWgt","dryWgtPerM","AshFreedryWgtPerM","densityBlades","Carbon","Hydrogen","Nitrogen","Sulphur","Oxygen","Ash","Moisture","HHV","LHV","Total.Sugars","Mannuronic","Guluronic","Glucuronic","Mannitol","Fucose","Glucan","Xylan","Mannan","Galactan","AshFDwPM","popChk","withinLoc","isSelf"
"88","SL18-UCONN-S1",1,"2019","2019_1","GOM","1","5_30_2019","122",NA,"SA18-CB-10-FG1","CB","SL18-SF-19-MG2","SF","SA18-CB-10-FG1xSL18-SF-19-MG2","CB X SF","3",4,"2",37,"7",3,7.25,0.88,8.238636364,5.73,0.42,101,500,NA,NA,NA,NA,NA,47.2,9.78,NA,NA,NA,NA,NA,NA,NA,NA,NA,NA,NA,NA,0.249255000011002,"ES","0","0"
"89","SL18-UCONN-S10",10,"2019","2019_10","GOM","10","5_31_2019","122",NA,"SL18-LD-10-FG1","LD","SL18-OI-4-MG1","OI","SL18-LD-10-FG1xSL18-OI-4-MG1","LD X OI","2",1,"3",53,"9",3,2.58,0.95,2.715789474,8.99,0.23,76,200,NA,NA,NA,NA,NA,44.57,9.19,NA,NA,NA,NA,NA,NA,NA,NA,NA,NA,NA,NA,0.135332053278894,"ES","0","0"
"90","SL18-UCONN-S100",99,"2019","2019_100","GOM","100","5_31_2019","122",NA,"SL18-NL-6-FG1","NL","SL18-OI-11-MG2","OI","SL18-NL-6-FG1xSL18-OI-11-MG2","NL X OI","3",4,"4",47,"8",2,1.05,0.94,1.117021277,10.16,0.11,NA,0,NA,NA,NA,NA,NA,NA,NA,NA,NA,NA,NA,NA,NA,NA,NA,NA,NA,NA,NA,NA,"ES","0","0"
"9","SL18-UCONN-S101",100,"2019","2019_101","GOM","101","5_30_2019","122",NA,"SL18-NL-6-FG1","NL","SL18-OI-14-MG2","OI","SL18-NL-6-FG1xSL18-OI-14-MG2","NL X OI","3",4,"1",8,"2",3,5.18,0.9,5.755555556,9.18,0.48,111,340,NA,NA,NA,NA,NA,47.51,8.16,NA,NA,11.85,NA,NA,NA,3.88,0.9,5.75,0.16,0.37,0.79,0.277336164021416,"ES","0","0"
"91","SL18-UCONN-S102",101,"2019","2019_102","GOM","102","5_30_2019","122",NA,"SL18-NL-6-FG1","NL","SL18-OI-15-MG1","OI","SL18-NL-6-FG1xSL18-OI-15-MG1","NL X OI","3",4,"1",54,"9",3,5.24,0.94,5.574468085,9,0.47,106,660,NA,NA,NA,NA,NA,50.84,8.05,NA,NA,NA,NA,NA,NA,NA,NA,NA,NA,NA,NA,0.24663676595274,"ES","0","0"
"92","SL18-UCONN-S103",102,"2019","2019_103","GOM","103","5_30_2019","122",NA,"SL18-NL-6-FG1","NL","SL18-OI-16-MG1","OI","SL18-NL-6-FG1xSL18-OI-16-MG1","NL X OI","3",4,"1",26,"5",3,3.61,0.86,4.197674419,9.49,0.34,90,560,NA,NA,NA,NA,NA,45.59,9.22,NA,NA,NA,NA,NA,NA,NA,NA,NA,NA,NA,NA,0.216747296415763,"ES","0","0"
"93","SL18-UCONN-S104",103,"2019","2019_104","GOM","104","5_30_2019","122",NA,"SL18-NL-6-FG1","NL","SL18-SF-17-MG1","SF","SL18-NL-6-FG1xSL18-SF-17-MG1","NL X SF","3",4,"1",30,"5",3,4.4,0.78,5.641025641,9.43,0.41,98,240,NA,NA,NA,NA,NA,48.42,8.27,NA,NA,NA,NA,NA,NA,NA,NA,NA,NA,NA,NA,0.274379148716702,"ES","0","0"
"94","SL18-UCONN-S105",104,"2019","2019_105","GOM","105","5_30_2019","122",NA,"SL18-NL-6-FG1","NL","SL18-SF-19-MG2","SF","SL18-NL-6-FG1xSL18-SF-19-MG2","NL X SF","3",4,"1",3,"1",3,4.75,0.95,5,5.59,0.27,NA,620,NA,NA,NA,NA,NA,NA,NA,NA,NA,NA,NA,NA,NA,NA,NA,NA,NA,NA,NA,NA,"ES","0","0"
"99","SL18-UCONN-S11",11,"2019","2019_11","GOM","11","5_30_2019","122",NA,"SL18-LD-10-FG2","LD","SA18-CB-7-MG2","CB","SL18-LD-10-FG2xSA18-CB-7-MG2","LD X CB","1",4,"2",36,"6",3,4.7,0.98,4.795918367,8.16,0.38,89,380,NA,NA,NA,NA,NA,51.32,8.59,NA,NA,NA,NA,NA,NA,NA,NA,NA,NA,NA,NA,0.190507689782137,"ES","0","0"
"110","SL18-UCONN-S12",12,"2019","2019_12","GOM","12","5_29_2019","122",NA,"SL18-LD-10-FG2","LD","SL18-NL-3-MG2","NL","SL18-LD-10-FG2xSL18-NL-3-MG2","LD X NL","2",1,"2",1,"1",3,0.96,0.79,1.215189873,11.74,0.11,NA,260,NA,NA,NA,NA,NA,NA,NA,NA,NA,NA,NA,NA,NA,NA,NA,NA,NA,NA,NA,NA,"ES","0","0"
"111","SL18-UCONN-S120",119,"2019","2019_120","GOM","120","5_31_2019","122",NA,"SL18-NL-9-FG2","NL","SA18-CB-7-MG1","CB","SL18-NL-9-FG2xSA18-CB-7-MG1","NL X CB","2",4,"4",36,"6",3,5.4,0.96,5.625,4.07,0.22,NA,380,NA,NA,NA,NA,NA,NA,NA,NA,NA,NA,NA,NA,NA,NA,NA,NA,NA,NA,NA,NA,"ES","0","0"
"112","SL18-UCONN-S121",120,"2019","2019_121","GOM","121","5_30_2019","122",NA,"SL18-NL-9-FG2","NL","SL18-SF-19-MG1","SF","SL18-NL-9-FG2xSL18-SF-19-MG1","NL X SF","2",4,"3",22,"4",3,3,0.84,3.571428571,9.25,0.28,NA,580,NA,NA,NA,NA,NA,NA,NA,NA,NA,NA,NA,NA,NA,NA,NA,NA,NA,NA,NA,NA,"ES","0","0"
"115","SL18-UCONN-S124",123,"2019","2019_124","GOM","124","5_29_2019","122",NA,"SL18-OI-11-FG1","OI","SL18-SF-15-MG2","SF","SL18-OI-11-FG1xSL18-SF-15-MG2","OI X SF","2",4,"2",24,"4",3,4.17,0.96,4.34375,5.43,0.23,NA,320,NA,NA,NA,NA,NA,NA,NA,NA,NA,NA,NA,NA,NA,NA,NA,NA,NA,NA,NA,NA,"ES","0","0"
"116","SL18-UCONN-S125",124,"2019","2019_125","GOM","125","5_29_2019","122",NA,"SL18-OI-15-FG1","OI","SA18-CB-2-MG3","CB","SL18-OI-15-FG1xSA18-CB-2-MG3","OI X CB","1",4,"2",11,"2",3,3.76,0.67,5.611940299,9.93,0.37,94,0,NA,NA,NA,NA,NA,46.67,7.93,NA,NA,NA,NA,NA,NA,NA,NA,NA,NA,NA,NA,0.29718978271265,"ES","0","0"
"118","SL18-UCONN-S127",126,"2019","2019_127","GOM","127","5_30_2019","122",NA,"SL18-OI-15-FG1","OI","SL18-NL-5-MG1","NL","SL18-OI-15-FG1xSL18-NL-5-MG1","OI X NL","1",4,"1",47,"8",3,1,0.74,1.351351351,9.31,0.09,NA,200,NA,NA,NA,NA,NA,NA,NA,NA,NA,NA,NA,NA,NA,NA,NA,NA,NA,NA,NA,NA,"ES","0","0"
"14","SL18-UCONN-S128",127,"2019","2019_128","GOM","128","5_30_2019","122",NA,"SL18-OI-15-FG1","OI","SL18-SF-15-MG1","SF","SL18-OI-15-FG1xSL18-SF-15-MG1","OI X SF","3",4,"1",46,"8",3,4.42,0.92,4.804347826,9.21,0.41,104,340,NA,NA,NA,NA,NA,44.7,8.71,NA,NA,13.56,NA,NA,NA,5.23,0.79,6.08,0.2,0.4,0.87,0.244691680430354,"ES","0","0"
"6","SL18-UCONN-S136",135,"2019","2019_136","GOM","136","5_30_2019","122",NA,"SL18-OI-16-FG3","OI","SA18-CB-4-MG3","CB","SL18-OI-16-FG3xSA18-CB-4-MG3","OI X CB","2",4,"3",10,"2",3,4.84,0.81,5.975308642,8.75,0.42,100,480,NA,NA,NA,NA,NA,47.61,8.86,NA,NA,10.35,NA,NA,NA,3.51,0.68,5.97,0.19,0,0,0.273915617285083,"ES","0","0"
"127","SL18-UCONN-S137",136,"2019","2019_137","GOM","137","5_30_2019","122",NA,"SL18-OI-16-FG3","OI","SA18-CB-5-MG3","CB","SL18-OI-16-FG3xSA18-CB-5-MG3","OI X CB","1",4,"1",50,"9",2,0.55,0.92,0.597826087,12.34,0.07,NA,140,NA,NA,NA,NA,NA,NA,NA,NA,NA,NA,NA,NA,NA,NA,NA,NA,NA,NA,NA,NA,"ES","0","0"
"130","SL18-UCONN-S14",14,"2019","2019_14","GOM","14","5_30_2019","122",NA,"SL18-LD-13-FG2","LD","SL18-LD-13-MG2","LD","SL18-LD-13-FG2xSL18-LD-13-MG2","LD X LD","3",4,"1",27,"5",3,3.27,0.93,3.516129032,9.17,0.3,79,420,NA,NA,NA,NA,NA,47.41,8.46,NA,NA,NA,NA,NA,NA,NA,NA,NA,NA,NA,NA,0.169565428052071,"ES","1","1"
"131","SL18-UCONN-S140",139,"2019","2019_140","GOM","140","5_30_2019","122",NA,"SL18-OI-16-FG3","OI","SL18-LD-3-MG2","LD","SL18-OI-16-FG3xSL18-LD-3-MG2","OI X LD","1",1,"1",16,"3",3,2.27,0.96,2.364583333,8.17,0.19,NA,200,NA,NA,NA,NA,NA,NA,NA,NA,NA,NA,NA,NA,NA,NA,NA,NA,NA,NA,NA,NA,"ES","0","0"
"132","SL18-UCONN-S141",140,"2019","2019_141","GOM","141","5_31_2019","122",NA,"SL18-OI-16-FG3","OI","SL18-NL-6-MG1","NL","SL18-OI-16-FG3xSL18-NL-6-MG1","OI X NL","1",1,"3",47,"8",3,2.29,0.93,2.462365591,9.33,0.21,NA,140,NA,NA,NA,NA,NA,NA,NA,NA,NA,NA,NA,NA,NA,NA,NA,NA,NA,NA,NA,NA,"ES","0","0"
"133","SL18-UCONN-S142",141,"2019","2019_142","GOM","142","5_30_2019","122",NA,"SL18-OI-16-FG3","OI","SL18-SF-17-MG2","SF","SL18-OI-16-FG3xSL18-SF-17-MG2","OI X SF","3",4,"1",11,"2",3,3.8,0.76,5,9.06,0.34,95,620,NA,NA,NA,NA,NA,41.35,9.37,NA,NA,NA,NA,NA,NA,NA,NA,NA,NA,NA,NA,0.2656845,"ES","0","0"
"4","SL18-UCONN-S143",142,"2019","2019_143","GOM","143","5_29_2019","122",NA,"SL18-OI-17-FG1","OI","SL18-SF-13-MG2","SF","SL18-OI-17-FG1xSL18-SF-13-MG2","OI X SF","3",4,"2",15,"3",3,5.39,0.84,6.416666667,8,0.43,102,440,NA,NA,NA,NA,NA,47.95,8.74,NA,NA,10.09,NA,NA,NA,1.43,0.95,5.95,0.42,0.44,0.89,0.26719000001388,"ES","0","0"
"134","SL18-UCONN-S145",143,"2019","2019_145","GOM","145","5_30_2019","122",NA,"SL18-OI-17-FG2","OI","SL18-SF-17-MG2","SF","SL18-OI-17-FG2xSL18-SF-17-MG2","OI X SF","1",1,"1",12,"2",2,0.5,0.77,0.649350649,8.31,0.04,NA,40,NA,NA,NA,NA,NA,NA,NA,NA,NA,NA,NA,NA,NA,NA,NA,NA,NA,NA,NA,NA,"ES","0","0"
"135","SL18-UCONN-S146",144,"2019","2019_146","GOM","146","5_30_2019","122",NA,"SL18-OI-18-FG1","OI","SL18-OI-9-MG3","OI","SL18-OI-18-FG1xSL18-OI-9-MG3","OI X OI","3",4,"1",4,"1",3,3.93,0.94,4.180851064,8.07,0.32,84,300,NA,NA,NA,NA,NA,47.41,8.32,NA,NA,NA,NA,NA,NA,NA,NA,NA,NA,NA,NA,0.177435862666798,"ES","1","0"
"136","SL18-UCONN-S147",145,"2019","2019_147","GOM","147","5_30_2019","122",NA,"SL18-OI-18-FG2","OI","SA18-CB-7-MG1","CB","SL18-OI-18-FG2xSA18-CB-7-MG1","OI X CB","2",1,"2",32,"6",3,3.34,0.97,3.443298969,9.98,0.33,92,160,NA,NA,NA,NA,NA,42.42,9.04,NA,NA,NA,NA,NA,NA,NA,NA,NA,NA,NA,NA,0.19786862432575,"ES","0","0"
"137","SL18-UCONN-S148",146,"2019","2019_148","GOM","148","5_31_2019","122",NA,"SL18-OI-18-FG2","OI","SL18-LD-10-MG1","LD","SL18-OI-18-FG2xSL18-LD-10-MG1","OI X LD","2",1,"4",52,"9",3,3.67,0.92,3.989130435,8.44,0.31,NA,300,NA,NA,NA,NA,NA,NA,NA,NA,NA,NA,NA,NA,NA,NA,NA,NA,NA,NA,NA,NA,"ES","0","0"
"138","SL18-UCONN-S149",147,"2019","2019_149","GOM","149","5_30_2019","122",NA,"SL18-OI-18-FG2","OI","SL18-LD-9-MG1","LD","SL18-OI-18-FG2xSL18-LD-9-MG1","OI X LD","1",1,"3",2,"1",3,2.53,0.91,2.78021978,10.89,0.28,NA,220,NA,NA,NA,NA,NA,NA,NA,NA,NA,NA,NA,NA,NA,NA,NA,NA,NA,NA,NA,NA,"ES","0","0"
"140","SL18-UCONN-S150",148,"2019","2019_150","GOM","150","5_31_2019","122",NA,"SL18-OI-18-FG2","OI","SL18-NL-2-MG2","NL","SL18-OI-18-FG2xSL18-NL-2-MG2","OI X NL","2",1,"4",18,"3",3,2.34,0.88,2.659090909,9.06,0.21,NA,300,NA,NA,NA,NA,NA,NA,NA,NA,NA,NA,NA,NA,NA,NA,NA,NA,NA,NA,NA,NA,"ES","0","0"
"141","SL18-UCONN-S151",149,"2019","2019_151","GOM","151","5_29_2019","122",NA,"SL18-OI-18-FG2","OI","SL18-LD-2-MG3","SF","SL18-OI-18-FG2xSL18-LD-2-MG3","OI X SF","1",1,"2",48,"8",2,0.83,0.82,1.012195122,9.34,0.08,NA,80,NA,NA,NA,NA,NA,NA,NA,NA,NA,NA,NA,NA,NA,NA,NA,NA,NA,NA,NA,NA,"ES","0","0"
"142","SL18-UCONN-S152",150,"2019","2019_152","GOM","152","5_30_2019","122",NA,"SL18-OI-18-FG3","OI","SL18-LL-9-MG1","LL","SL18-OI-18-FG3xSL18-LL-9-MG1","OI X LL","1",1,"1",43,"8",2,0.82,1,0.82,10.4,0.09,NA,40,NA,NA,NA,NA,NA,NA,NA,NA,NA,NA,NA,NA,NA,NA,NA,NA,NA,NA,NA,NA,"ES","0","0"
"143","SL18-UCONN-S153",151,"2019","2019_153","GOM","153","5_31_2019","122",NA,"SL18-OI-18-FG3","OI","SL18-OI-7-MG1","OI","SL18-OI-18-FG3xSL18-OI-7-MG1","OI X OI","2",4,"4",1,"1",3,2.74,0.86,3.186046512,9.67,0.26,NA,180,NA,NA,NA,NA,NA,NA,NA,NA,NA,NA,NA,NA,NA,NA,NA,NA,NA,NA,NA,NA,"ES","1","0"
"144","SL18-UCONN-S154",152,"2019","2019_154","GOM","154","5_30_2019","122",NA,"SL18-OI-18-FG5","OI","SA18-CB-4-MG3","CB","SL18-OI-18-FG5xSA18-CB-4-MG3","OI X CB","1",1,"3",20,"4",2,1.31,0.77,1.701298701,13.82,0.18,NA,100,NA,NA,NA,NA,NA,NA,NA,NA,NA,NA,NA,NA,NA,NA,NA,NA,NA,NA,NA,NA,"ES","0","0"
"145","SL18-UCONN-S155",153,"2019","2019_155","GOM","155","5_31_2019","122",NA,"SL18-OI-18-FG5","OI","SL18-LD-2-MG1","LD","SL18-OI-18-FG5xSL18-LD-2-MG1","OI X LD","2",1,"3",34,"6",3,3.02,0.98,3.081632653,9.23,0.28,78,280,NA,NA,NA,NA,NA,44.87,8.78,NA,NA,NA,NA,NA,NA,NA,NA,NA,NA,NA,NA,0.156808846731578,"ES","0","0"
"7","SL18-UCONN-S157",155,"2019","2019_157","GOM","157","5_31_2019","122",NA,"SL18-OI-18-FG5","OI","SL18-SF-15-MG2","SF","SL18-OI-18-FG5xSL18-SF-15-MG2","OI X SF","2",4,"3",54,"9",3,4.94,0.92,5.369565217,10.32,0.51,112,220,25.48,3.1,2.15,0.74,21.18,47.34,8.7,"9.57*","8.88*",10.79,NA,NA,NA,2.91,0.62,5.82,0.24,0.42,0.78,0.291809666065691,"ES","0","0"
"147","SL18-UCONN-S158",156,"2019","2019_158","GOM","158","5_30_2019","122",NA,"SL18-OI-18-FG6","OI","SA18-CB-1-MG2","CB","SL18-OI-18-FG6xSA18-CB-1-MG2","OI X CB","2",1,"1",36,"6",3,3.65,0.87,4.195402299,7.39,0.27,NA,280,NA,NA,NA,NA,NA,NA,NA,NA,NA,NA,NA,NA,NA,NA,NA,NA,NA,NA,NA,NA,"ES","0","0"
"29","SL18-UCONN-S159",157,"2019","2019_159","GOM","159","5_31_2019","122",NA,"SL18-OI-18-FG6","OI","SL18-NL-6-MG1","NL","SL18-OI-18-FG6xSL18-NL-6-MG1","OI X NL","2",1,"3",48,"8",3,1.43,0.86,1.662790698,9.73,0.14,61,240,NA,NA,NA,NA,NA,36.77,8.52,NA,NA,18.93,NA,NA,NA,12.1,0.45,4.92,0.27,0.46,0.73,0.102299522927007,"ES","0","0"
"151","SL18-UCONN-S162",160,"2019","2019_162","GOM","162","5_30_2019","122",NA,"SL18-OI-2-FG2","OI","SL18-LD-1-MG2","LD","SL18-OI-2-FG2xSL18-LD-1-MG2","OI X LD","2",1,"2",30,"5",2,1.02,0.9,1.133333333,10.03,0.1,NA,20,NA,NA,NA,NA,NA,NA,NA,NA,NA,NA,NA,NA,NA,NA,NA,NA,NA,NA,NA,NA,"ES","0","0"
"11","SL18-UCONN-S17",17,"2019","2019_17","GOM","17","5_30_2019","122",NA,"SL18-LD-1-FG1","LD","SL18-NL-2-MG2","NL","SL18-LD-1-FG1xSL18-NL-2-MG2","LD X NL","2",1,"3",4,"1",3,1.95,0.87,2.24137931,8.62,0.17,65,340,NA,NA,NA,NA,NA,43.75,8.8,NA,NA,12.42,NA,NA,NA,4.81,0.62,5.55,0.26,0.38,0.8,0.108678879293625,"ES","0","0"
"159","SL18-UCONN-S170",168,"2019","2019_170","GOM","170","5_29_2019","122",NA,"SL18-OI-2-FG3","OI","SL18-NL-9-MG1","NL","SL18-OI-2-FG3xSL18-NL-9-MG1","OI X NL","2",1,"2",43,"8",2,0.67,0.78,0.858974359,12.18,0.08,NA,160,NA,NA,NA,NA,NA,NA,NA,NA,NA,NA,NA,NA,NA,NA,NA,NA,NA,NA,NA,NA,"ES","0","0"
"161","SL18-UCONN-S172",170,"2019","2019_172","GOM","172","5_31_2019","122",NA,"SL18-OI-2-FG3","OI","SL18-SF-17-MG1","SF","SL18-OI-2-FG3xSL18-SF-17-MG1","OI X SF","2",1,"4",11,"2",3,1.74,0.92,1.891304348,9.64,0.17,NA,0,NA,NA,NA,NA,NA,NA,NA,NA,NA,NA,NA,NA,NA,NA,NA,NA,NA,NA,NA,NA,"ES","0","0"
"163","SL18-UCONN-S174",172,"2019","2019_174","GOM","174","5_30_2019","122",NA,"SL18-OI-6-FG1","OI","SA18-CB-2-MG1","CB","SL18-OI-6-FG1xSA18-CB-2-MG1","OI X CB","2",1,"1",23,"4",2,0.57,1,0.57,12.82,0.07,NA,60,NA,NA,NA,NA,NA,NA,NA,NA,NA,NA,NA,NA,NA,NA,NA,NA,NA,NA,NA,NA,"ES","0","0"
"164","SL18-UCONN-S175",173,"2019","2019_175","GOM","175","5_30_2019","122",NA,"SL18-OI-6-FG1","OI","SA18-CB-4-MG1","CB","SL18-OI-6-FG1xSA18-CB-4-MG1","OI X CB","2",4,"1",20,"4",3,2.75,0.91,3.021978022,6.92,0.19,NA,180,NA,NA,NA,NA,NA,NA,NA,NA,NA,NA,NA,NA,NA,NA,NA,NA,NA,NA,NA,NA,"ES","0","0"
"17","SL18-UCONN-S176",174,"2019","2019_176","GOM","176","5_29_2019","122",NA,"SL18-OI-6-FG1","OI","SL18-LD-13-MG2","LD","SL18-OI-6-FG1xSL18-LD-13-MG2","OI X LD","1",1,"2",17,"3",2,1.58,0.65,2.430769231,9.9,0.16,67,180,NA,NA,NA,NA,NA,39.43,8.99,NA,NA,13.86,NA,NA,NA,5.27,0.59,6.43,0.24,0.41,0.92,0.145759375398453,"ES","0","0"
"165","SL18-UCONN-S177",175,"2019","2019_177","GOM","177","5_31_2019","122",NA,"SL18-OI-6-FG1","OI","SL18-LD-2-MG1","LD","SL18-OI-6-FG1xSL18-LD-2-MG1","OI X LD","2",1,"4",4,"1",3,2.36,0.88,2.681818182,9.83,0.23,NA,160,NA,NA,NA,NA,NA,NA,NA,NA,NA,NA,NA,NA,NA,NA,NA,NA,NA,NA,NA,NA,"ES","0","0"
"166","SL18-UCONN-S178",176,"2019","2019_178","GOM","178","5_31_2019","122",NA,"SL18-OI-6-FG1","OI","SL18-LD-5-MG1","LD","SL18-OI-6-FG1xSL18-LD-5-MG1","OI X LD","2",1,"3",52,"9",3,3.76,0.97,3.87628866,4.29,0.16,NA,260,NA,NA,NA,NA,NA,NA,NA,NA,NA,NA,NA,NA,NA,NA,NA,NA,NA,NA,NA,NA,"ES","0","0"
"168","SL18-UCONN-S18",18,"2019","2019_18","GOM","18","5_30_2019","122",NA,"SL18-LD-1-FG1","LD","SL18-OI-18-MG1","OI","SL18-LD-1-FG1xSL18-OI-18-MG1","LD X OI","1",1,"3",5,"1",3,1.9,0.86,2.209302326,9.74,0.18,NA,340,NA,NA,NA,NA,NA,NA,NA,NA,NA,NA,NA,NA,NA,NA,NA,NA,NA,NA,NA,NA,"ES","0","0"
"169","SL18-UCONN-S180",178,"2019","2019_180","GOM","180","5_31_2019","122",NA,"SL18-OI-6-FG1","OI","SL18-NL-9-MG1","NL","SL18-OI-6-FG1xSL18-NL-9-MG1","OI X NL","1",1,"4",7,"2",2,1.73,0.76,2.276315789,10.87,0.19,NA,120,NA,NA,NA,NA,NA,NA,NA,NA,NA,NA,NA,NA,NA,NA,NA,NA,NA,NA,NA,NA,"ES","0","0"
"170","SL18-UCONN-S181",179,"2019","2019_181","GOM","181","5_31_2019","122",NA,"SL18-OI-6-FG1","OI","SL18-SF-15-MG1","SF","SL18-OI-6-FG1xSL18-SF-15-MG1","OI X SF","2",1,"4",14,"3",3,2.67,0.82,3.256097561,8.81,0.24,NA,220,NA,NA,NA,NA,NA,NA,NA,NA,NA,NA,NA,NA,NA,NA,NA,NA,NA,NA,NA,NA,"ES","0","0"
"171","SL18-UCONN-S182",180,"2019","2019_182","GOM","182","5_31_2019","122",NA,"SL18-OI-6-FG1","OI","SL18-SF-19-MG1","SF","SL18-OI-6-FG1xSL18-SF-19-MG1","OI X SF","2",1,"4",12,"2",3,1.47,0.84,1.75,8.22,0.12,NA,80,NA,NA,NA,NA,NA,NA,NA,NA,NA,NA,NA,NA,NA,NA,NA,NA,NA,NA,NA,NA,"ES","0","0"
"172","SL18-UCONN-S183",181,"2019","2019_183","GOM","183","5_30_2019","122",NA,"SL18-OI-7-FG3","OI","SA18-CB-2-MG3","CB","SL18-OI-7-FG3xSA18-CB-2-MG3","OI X CB","2",1,"3",30,"5",3,1.67,0.75,2.226666667,9.71,0.16,NA,260,NA,NA,NA,NA,NA,NA,NA,NA,NA,NA,NA,NA,NA,NA,NA,NA,NA,NA,NA,NA,"ES","0","0"
"18","SL18-UCONN-S186",184,"2019","2019_186","GOM","186","5_29_2019","122",NA,"SL18-OI-9-FG1","OI","SL18-LL-9-MG2","LL","SL18-OI-9-FG1xSL18-LL-9-MG2","OI X LL","2",1,"2",50,"9",3,2,0.85,2.352941176,8.49,0.17,64,300,NA,NA,NA,NA,NA,44.13,8.34,NA,NA,14.45,NA,NA,NA,7.2,0.82,5.02,0.22,0.42,0.77,0.111608541154149,"ES","0","0"
"177","SL18-UCONN-S189",187,"2019","2019_189","GOM","189","5_30_2019","122",NA,"SL18-SF-13-FG1","SF","SL18-LL-9-MG3","LL","SL18-SF-13-FG1xSL18-LL-9-MG3","SF X LL","2",4,"3",19,"4",3,2.04,0.93,2.193548387,12.02,0.25,NA,80,NA,NA,NA,NA,NA,NA,NA,NA,NA,NA,NA,NA,NA,NA,NA,NA,NA,NA,NA,NA,"ES","0","0"
"178","SL18-UCONN-S19",19,"2019","2019_19","GOM","19","5_30_2019","122",NA,"SL18-LD-1-FG2","LD","SA18-CB-4-MG3","CB","SL18-LD-1-FG2xSA18-CB-4-MG3","LD X CB","2",1,"3",16,"3",3,5.14,0.77,6.675324675,8.91,0.46,110,180,NA,NA,NA,NA,NA,47.9,9.93,NA,NA,NA,NA,NA,NA,NA,NA,NA,NA,NA,NA,0.309875914270642,"ES","0","0"
"179","SL18-UCONN-S190",188,"2019","2019_190","GOM","190","5_30_2019","122",NA,"SL18-SF-17-FG1","SF","SL18-LL-9-MG1","LL","SL18-SF-17-FG1xSL18-LL-9-MG1","SF X LL","2",1,"1",53,"9",2,1.01,0.91,1.10989011,10.27,0.1,NA,80,NA,NA,NA,NA,NA,NA,NA,NA,NA,NA,NA,NA,NA,NA,NA,NA,NA,NA,NA,NA,"ES","0","0"
"181","SL18-UCONN-S192",190,"2019","2019_192","GOM","192","5_30_2019","122",NA,"SL18-SF-17-FG3","SF","SA18-CB-10-MG1","CB","SL18-SF-17-FG3xSA18-CB-10-MG1","SF X CB","2",4,"1",6,"1",3,4.25,0.9,4.722222222,7.46,0.32,88,420,NA,NA,NA,NA,NA,44.57,8.63,NA,NA,NA,NA,NA,NA,NA,NA,NA,NA,NA,NA,0.195267572213033,"ES","0","0"
"182","SL18-UCONN-S193",191,"2019","2019_193","GOM","193","5_30_2019","122",NA,"SL18-SF-17-FG3","SF","SA18-CB-3-MG3","CB","SL18-SF-17-FG3xSA18-CB-3-MG3","SF X CB","2",4,"1",24,"4",3,1.97,0.83,2.373493976,8.83,0.17,NA,20,NA,NA,NA,NA,NA,NA,NA,NA,NA,NA,NA,NA,NA,NA,NA,NA,NA,NA,NA,NA,"ES","0","0"
"8","SL18-UCONN-S194",192,"2019","2019_194","GOM","194","5_31_2019","122",NA,"SL18-SF-17-FG3","SF","SL18-LD-2-MG1","LD","SL18-SF-17-FG3xSL18-LD-2-MG1","SF X LD","2",1,"4",35,"6",2,1.59,0.92,1.72826087,9.29,0.15,57,240,NA,NA,NA,NA,NA,44.27,9.12,NA,NA,11.68,NA,NA,NA,3.91,0.56,5.74,0.24,0.43,0.78,0.0894775438268579,"ES","0","0"
"183","SL18-UCONN-S195",193,"2019","2019_195","GOM","195","5_30_2019","122",NA,"SL18-SF-17-FG3","SF","SL18-NL-10-MG2","NL","SL18-SF-17-FG3xSL18-NL-10-MG2","SF X NL","3",1,"1",44,"8",2,0.55,0.95,0.578947368,10.99,0.06,NA,160,NA,NA,NA,NA,NA,NA,NA,NA,NA,NA,NA,NA,NA,NA,NA,NA,NA,NA,NA,NA,"ES","0","0"
"184","SL18-UCONN-S196",194,"2019","2019_196","GOM","196","5_31_2019","122",NA,"SL18-SF-17-FG3","SF","SL18-NL-2-MG3","NL","SL18-SF-17-FG3xSL18-NL-2-MG3","SF X NL","3",4,"4",22,"4",3,2.64,0.81,3.259259259,8.47,0.22,NA,0,NA,NA,NA,NA,NA,NA,NA,NA,NA,NA,NA,NA,NA,NA,NA,NA,NA,NA,NA,NA,"ES","0","0"
"185","SL18-UCONN-S197",195,"2019","2019_197","GOM","197","5_31_2019","122",NA,"SL18-SF-17-FG3","SF","SL18-NL-9-MG1","NL","SL18-SF-17-FG3xSL18-NL-9-MG1","SF X NL","3",1,"4",51,"9",3,2.75,0.89,3.08988764,8.55,0.24,74,260,NA,NA,NA,NA,NA,47.3,8.2,NA,NA,NA,NA,NA,NA,NA,NA,NA,NA,NA,NA,0.13922570222694,"ES","0","0"
"186","SL18-UCONN-S198",196,"2019","2019_198","GOM","198","5_29_2019","122",NA,"SL18-SF-17-FG3","SF","SL18-OI-7-MG1","OI","SL18-SF-17-FG3xSL18-OI-7-MG1","SF X OI","3",1,"2",52,"9",3,2.8,0.81,3.456790123,8.35,0.23,73,500,NA,NA,NA,NA,NA,46.76,8.14,NA,NA,NA,NA,NA,NA,NA,NA,NA,NA,NA,NA,0.153672987634014,"ES","0","0"
"187","SL18-UCONN-S199",197,"2019","2019_199","GOM","199","5_29_2019","122",NA,"SL18-SF-17-FG3","SF","SL18-OI-9-MG3","OI","SL18-SF-17-FG3xSL18-OI-9-MG3","SF X OI","3",1,"2",53,"9",3,2.88,0.8,3.6,9.16,0.26,77,380,NA,NA,NA,NA,NA,48.13,7.4,NA,NA,NA,NA,NA,NA,NA,NA,NA,NA,NA,NA,0.171046512,"ES","0","0"
"188","SL18-UCONN-S2",2,"2019","2019_2","GOM","2","5_31_2019","122",NA,"SA18-CB-10-FG2","CB","SL18-LL-9-MG1","LL","SA18-CB-10-FG2xSL18-LL-9-MG1","CB X LL","1",1,"4",34,"6",3,2.16,0.86,2.511627907,9.1,0.2,NA,100,NA,NA,NA,NA,NA,NA,NA,NA,NA,NA,NA,NA,NA,NA,NA,NA,NA,NA,NA,NA,"ES","0","0"
"189","SL18-UCONN-S20",20,"2019","2019_20","GOM","20","5_31_2019","122",NA,"SL18-LD-1-FG2","LD","SL18-SF-13-MG3","SF","SL18-LD-1-FG2xSL18-SF-13-MG3","LD X SF","2",1,"3",32,"6",3,2.42,0.84,2.880952381,9.16,0.22,NA,380,NA,NA,NA,NA,NA,NA,NA,NA,NA,NA,NA,NA,NA,NA,NA,NA,NA,NA,NA,NA,"ES","0","0"
"192","SL18-UCONN-S21",21,"2019","2019_21","GOM","21","5_30_2019","122",NA,"SL18-LD-1-FG2","LD","SL18-SF-15-MG1","SF","SL18-LD-1-FG2xSL18-SF-15-MG1","LD X SF","2",1,"2",34,"6",3,3.66,0.94,3.893617021,7.28,0.27,NA,400,NA,NA,NA,NA,NA,NA,NA,NA,NA,NA,NA,NA,NA,NA,NA,NA,NA,NA,NA,NA,"ES","0","0"
"194","SL18-UCONN-S23",23,"2019","2019_23","GOM","23","5_31_2019","122",NA,"SL18-LD-1-FG3","LD","SL18-NL-5-MG1","NL","SL18-LD-1-FG3xSL18-NL-5-MG1","LD X NL","2",1,"4",42,"7",2,0.97,0.92,1.054347826,10.08,0.1,NA,180,NA,NA,NA,NA,NA,NA,NA,NA,NA,NA,NA,NA,NA,NA,NA,NA,NA,NA,NA,NA,"ES","0","0"
"195","SL18-UCONN-S24",24,"2019","2019_24","GOM","24","5_29_2019","122",NA,"SL18-LD-1-FG3","LD","SL18-OI-11-MG2","OI","SL18-LD-1-FG3xSL18-OI-11-MG2","LD X OI","2",1,"2",16,"3",3,2.65,0.84,3.154761905,11.31,0.3,80,300,NA,NA,NA,NA,NA,45.74,8.1,NA,NA,NA,NA,NA,NA,NA,NA,NA,NA,NA,NA,0.193601617871754,"ES","0","0"
"196","SL18-UCONN-S25",25,"2019","2019_25","GOM","25","5_30_2019","122",NA,"SL18-LD-1-FG3","LD","SL18-OI-15-MG1","OI","SL18-LD-1-FG3xSL18-OI-15-MG1","LD X OI","2",1,"1",31,"6",3,1.78,0.85,2.094117647,7.79,0.14,NA,280,NA,NA,NA,NA,NA,NA,NA,NA,NA,NA,NA,NA,NA,NA,NA,NA,NA,NA,NA,NA,"ES","0","0"
"197","SL18-UCONN-S26",26,"2019","2019_26","GOM","26","5_31_2019","122",NA,"SL18-LD-1-FG3","LD","SL18-OI-16-MG1","OI","SL18-LD-1-FG3xSL18-OI-16-MG1","LD X OI","2",1,"4",53,"9",3,1.3,1,1.3,8.58,0.11,NA,140,NA,NA,NA,NA,NA,NA,NA,NA,NA,NA,NA,NA,NA,NA,NA,NA,NA,NA,NA,NA,"ES","0","0"
"198","SL18-UCONN-S27",27,"2019","2019_27","GOM","27","5_30_2019","122",NA,"SL18-LD-1-FG3","LD","SL18-OI-6-MG2","OI","SL18-LD-1-FG3xSL18-OI-6-MG2","LD X OI","2",1,"1",32,"6",3,1.57,0.78,2.012820513,10.01,0.16,NA,80,NA,NA,NA,NA,NA,NA,NA,NA,NA,NA,NA,NA,NA,NA,NA,NA,NA,NA,NA,NA,"ES","0","0"
"199","SL18-UCONN-S28",28,"2019","2019_28","GOM","28","5_29_2019","122",NA,"SL18-LD-1-FG3","LD","SL18-OI-7-MG1","OI","SL18-LD-1-FG3xSL18-OI-7-MG1","LD X OI","2",1,"2",39,"7",3,2.21,0.94,2.35106383,8.41,0.19,NA,460,NA,NA,NA,NA,NA,NA,NA,NA,NA,NA,NA,NA,NA,NA,NA,NA,NA,NA,NA,NA,"ES","0","0"
"200","SL18-UCONN-S29",29,"2019","2019_29","GOM","29","5_30_2019","122",NA,"SL18-LD-1-FG3","LD","SL18-OI-9-MG3","OI","SL18-LD-1-FG3xSL18-OI-9-MG3","LD X OI","2",1,"1",42,"7",3,2.2,0.89,2.471910112,8.96,0.2,NA,320,NA,NA,NA,NA,NA,NA,NA,NA,NA,NA,NA,NA,NA,NA,NA,NA,NA,NA,NA,NA,"ES","0","0"
"201","SL18-UCONN-S3",3,"2019","2019_3","GOM","3","5_30_2019","122",NA,"SA18-CB-4-FG3","CB","SA18-CB-4-MG3","CB","SA18-CB-4-FG3xSA18-CB-4-MG3","CB X CB","3",4,"1",51,"9",3,2.68,0.96,2.791666667,8.3,0.22,72,160,NA,NA,NA,NA,NA,51.65,8.71,NA,NA,NA,NA,NA,NA,NA,NA,NA,NA,NA,NA,0.112030979180044,"ES","1","1"
"202","SL18-UCONN-S30",30,"2019","2019_30","GOM","30","5_31_2019","122",NA,"SL18-LD-1-FG3","LD","SL18-NL-9-MG2","SF","SL18-LD-1-FG3xSL18-NL-9-MG2","LD X SF","1",1,"4",43,"8",2,1.03,0.87,1.183908046,11,0.11,NA,60,NA,NA,NA,NA,NA,NA,NA,NA,NA,NA,NA,NA,NA,NA,NA,NA,NA,NA,NA,NA,"ES","0","0"
"203","SL18-UCONN-S31",31,"2019","2019_31","GOM","31","5_30_2019","122",NA,"SL18-LD-1-FG3","LD","SL18-OI-15-MG2","SF","SL18-LD-1-FG3xSL18-OI-15-MG2","LD X SF","2",1,"1",2,"1",3,2.47,0.91,2.714285714,9.87,0.24,NA,400,NA,NA,NA,NA,NA,NA,NA,NA,NA,NA,NA,NA,NA,NA,NA,NA,NA,NA,NA,NA,"ES","0","0"
"204","SL18-UCONN-S32",32,"2019","2019_32","GOM","32","5_29_2019","122",NA,"SL18-LD-2-FG2","LD","SA18-CB-3-MG3","CB","SL18-LD-2-FG2xSA18-CB-3-MG3","LD X CB","2",1,"2",42,"7",3,3.01,0.89,3.382022472,7.07,0.21,NA,220,NA,NA,NA,NA,NA,NA,NA,NA,NA,NA,NA,NA,NA,NA,NA,NA,NA,NA,NA,NA,"ES","0","0"
"205","SL18-UCONN-S33",33,"2019","2019_33","GOM","33","5_29_2019","122",NA,"SL18-LD-2-FG2","LD","SL18-LL-9-MG2","LL","SL18-LD-2-FG2xSL18-LL-9-MG2","LD X LL","2",1,"2",6,"1",3,2.5,0.9,2.777777778,9.49,0.24,75,200,NA,NA,NA,NA,NA,47.27,8.2,NA,NA,NA,NA,NA,NA,NA,NA,NA,NA,NA,NA,0.139002138900009,"ES","0","0"
"206","SL18-UCONN-S34",34,"2019","2019_34","GOM","34","5_31_2019","122",NA,"SL18-LD-2-FG2","LD","SL18-NL-9-MG1","NL","SL18-LD-2-FG2xSL18-NL-9-MG1","LD X NL","2",1,"3",36,"6",2,0.43,0.71,0.605633803,9.82,0.04,NA,20,NA,NA,NA,NA,NA,NA,NA,NA,NA,NA,NA,NA,NA,NA,NA,NA,NA,NA,NA,NA,"ES","0","0"
"207","SL18-UCONN-S35",35,"2019","2019_35","GOM","35","5_30_2019","122",NA,"SL18-LD-2-FG2","LD","SL18-SF-19-MG1","SF","SL18-LD-2-FG2xSL18-SF-19-MG1","LD X SF","2",1,"1",14,"3",3,1.45,0.91,1.593406593,22.72,0.33,83,280,NA,NA,NA,NA,NA,49.63,8.86,NA,NA,NA,NA,NA,NA,NA,NA,NA,NA,NA,NA,0.18235047028314,"ES","0","0"
"208","SL18-UCONN-S37",37,"2019","2019_37","GOM","37","5_31_2019","122",NA,"SL18-LD-3-FG1","LD","SL18-NL-9-MG1","NL","SL18-LD-3-FG1xSL18-NL-9-MG1","LD X NL","1",1,"4",23,"4",3,1.12,0.61,1.836065574,7.57,0.08,NA,80,NA,NA,NA,NA,NA,NA,NA,NA,NA,NA,NA,NA,NA,NA,NA,NA,NA,NA,NA,NA,"ES","0","0"
"209","SL18-UCONN-S38",38,"2019","2019_38","GOM","38","5_31_2019","122",NA,"SL18-LD-3-FG1","LD","SL18-SF-19-MG2","SF","SL18-LD-3-FG1xSL18-SF-19-MG2","LD X SF","2",1,"4",50,"9",2,1.47,0.91,1.615384615,15.64,0.23,NA,140,NA,NA,NA,NA,NA,NA,NA,NA,NA,NA,NA,NA,NA,NA,NA,NA,NA,NA,NA,NA,"ES","0","0"
"210","SL18-UCONN-S39",39,"2019","2019_39","GOM","39","5_30_2019","122",NA,"SL18-LD-3-FG2","LD","SA18-CB-2-MG3","CB","SL18-LD-3-FG2xSA18-CB-2-MG3","LD X CB","2",1,"1",21,"4",3,2.11,0.87,2.425287356,8.43,0.18,NA,200,NA,NA,NA,NA,NA,NA,NA,NA,NA,NA,NA,NA,NA,NA,NA,NA,NA,NA,NA,NA,"ES","0","0"
"212","SL18-UCONN-S40",40,"2019","2019_40","GOM","40","5_30_2019","122",NA,"SL18-LD-3-FG2","LD","SL18-LL-9-MG2","LL","SL18-LD-3-FG2xSL18-LL-9-MG2","LD X LL","2",1,"3",26,"5",3,3.07,0.77,3.987012987,6.12,0.19,NA,460,NA,NA,NA,NA,NA,NA,NA,NA,NA,NA,NA,NA,NA,NA,NA,NA,NA,NA,NA,NA,"ES","0","0"
"213","SL18-UCONN-S41",41,"2019","2019_41","GOM","41","5_29_2019","122",NA,"SL18-LD-3-FG2","LD","SL18-SF-17-MG3","SF","SL18-LD-3-FG2xSL18-SF-17-MG3","LD X SF","2",1,"2",20,"4",2,0.95,0.85,1.117647059,10.99,0.1,NA,40,NA,NA,NA,NA,NA,NA,NA,NA,NA,NA,NA,NA,NA,NA,NA,NA,NA,NA,NA,NA,"ES","0","0"
"215","SL18-UCONN-S43",43,"2019","2019_43","GOM","43","5_29_2019","122",NA,"SL18-LD-4-FG1","LD","SA18-CB-2-MG1","CB","SL18-LD-4-FG1xSA18-CB-2-MG1","LD X CB","2",1,"2",54,"9",3,2.22,0.8,2.775,8.35,0.19,NA,380,NA,NA,NA,NA,NA,NA,NA,NA,NA,NA,NA,NA,NA,NA,NA,NA,NA,NA,NA,NA,"ES","0","0"
"216","SL18-UCONN-S44",44,"2019","2019_44","GOM","44","5_31_2019","122",NA,"SL18-LD-4-FG1","LD","SL18-NL-3-MG2","NL","SL18-LD-4-FG1xSL18-NL-3-MG2","LD X NL","2",1,"3",43,"8",3,1.56,0.86,1.813953488,8.83,0.14,NA,240,NA,NA,NA,NA,NA,NA,NA,NA,NA,NA,NA,NA,NA,NA,NA,NA,NA,NA,NA,NA,"ES","0","0"
"217","SL18-UCONN-S45",45,"2019","2019_45","GOM","45","5_30_2019","122",NA,"SL18-LD-4-FG2","LD","SL18-LL-9-MG1","LL","SL18-LD-4-FG2xSL18-LL-9-MG1","LD X LL","2",1,"1",9,"2",2,0.56,0.917,0.610687023,14.07,0.08,NA,0,NA,NA,NA,NA,NA,NA,NA,NA,NA,NA,NA,NA,NA,NA,NA,NA,NA,NA,NA,NA,"ES","0","0"
"218","SL18-UCONN-S46",46,"2019","2019_46","GOM","46","5_29_2019","122",NA,"SL18-LD-4-FG2","LD","SL18-SF-15-MG2","SF","SL18-LD-4-FG2xSL18-SF-15-MG2","LD X SF","2",1,"2",9,"2",3,3.03,0.73,4.150684932,8.91,0.27,NA,200,NA,NA,NA,NA,NA,NA,NA,NA,NA,NA,NA,NA,NA,NA,NA,NA,NA,NA,NA,NA,"ES","0","0"
"219","SL18-UCONN-S47",47,"2019","2019_47","GOM","47","5_30_2019","122",NA,"SL18-LD-4-FG3","LD","SL18-SF-17-MG1","SF","SL18-LD-4-FG3xSL18-SF-17-MG1","LD X SF","2",1,"2",27,"5",2,1.58,0.86,1.837209302,10.48,0.17,NA,20,NA,NA,NA,NA,NA,NA,NA,NA,NA,NA,NA,NA,NA,NA,NA,NA,NA,NA,NA,NA,"ES","0","0"
"220","SL18-UCONN-S48",48,"2019","2019_48","GOM","48","5_30_2019","122",NA,"SL18-LD-5-FG1","LD","SA18-CB-10-MG1","CB","SL18-LD-5-FG1xSA18-CB-10-MG1","LD X CB","1",4,"1",19,"4",2,1.22,0.94,1.29787234,10.29,0.13,53,40,NA,NA,NA,NA,NA,44.8,9.38,NA,NA,NA,NA,NA,NA,NA,NA,NA,NA,NA,NA,0.073720187209872,"ES","0","0"
"3","SL18-UCONN-S5",5,"2019","2019_5","GOM","5","5_30_2019","122",NA,"SA18-CB-7-FG1","CB","SL18-LL-9-MG3","LL","SA18-CB-7-FG1xSL18-LL-9-MG3","CB X LL","3",4,"2",38,"7",3,4.66,0.86,5.418604651,8.13,0.38,91,240,NA,NA,NA,NA,NA,51.09,8.47,NA,NA,9.22,NA,NA,NA,1.66,0.34,5.57,0.35,0.38,0.92,0.215464474179573,"ES","0","0"
"222","SL18-UCONN-S51",51,"2019","2019_51","GOM","51","5_29_2019","122",NA,"SL18-LD-9-FG2","LD","SL18-SF-13-MG3","SF","SL18-LD-9-FG2xSL18-SF-13-MG3","LD X SF","2",1,"2",26,"5",2,1.15,0.86,1.337209302,9.26,0.11,NA,40,NA,NA,NA,NA,NA,NA,NA,NA,NA,NA,NA,NA,NA,NA,NA,NA,NA,NA,NA,NA,"ES","0","0"
"224","SL18-UCONN-S53",53,"2019","2019_53","GOM","53","5_30_2019","122",NA,"SL18-LD-9-FG3","LD","SL18-NL-7-MG1","NL","SL18-LD-9-FG3xSL18-NL-7-MG1","LD X NL","2",1,"3",31,"6",3,1.18,0.71,1.661971831,9.87,0.12,NA,20,NA,NA,NA,NA,NA,NA,NA,NA,NA,NA,NA,NA,NA,NA,NA,NA,NA,NA,NA,NA,"ES","0","0"
"225","SL18-UCONN-S54",54,"2019","2019_54","GOM","54","5_31_2019","122",NA,"SL18-LD-9-FG3","LD","SL18-SF-17-MG1","SF","SL18-LD-9-FG3xSL18-SF-17-MG1","LD X SF","1",4,"4",41,"7",3,3.21,0.9,3.566666667,8.91,0.29,81,340,NA,NA,NA,NA,NA,43.27,9.08,NA,NA,NA,NA,NA,NA,NA,NA,NA,NA,NA,NA,0.180282267016849,"ES","0","0"
"227","SL18-UCONN-S56",56,"2019","2019_56","GOM","56","5_30_2019","122",NA,"SL18-LL-9-FG3","LL","SL18-NL-9-MG1","NL","SL18-LL-9-FG3xSL18-NL-9-MG1","LL X NL","2",1,"1",13,"3",3,0.4,0.73,0.547945205,0,0,NA,220,NA,NA,NA,NA,NA,NA,NA,NA,NA,NA,NA,NA,NA,NA,NA,NA,NA,NA,NA,NA,"ES","0","0"
"228","SL18-UCONN-S57",57,"2019","2019_57","GOM","57","5_30_2019","122",NA,"SL18-NL-10-FG1","NL","SA18-CB-4-MG3","CB","SL18-NL-10-FG1xSA18-CB-4-MG3","NL X CB","3",4,"3",13,"3",3,5.76,0.68,8.470588235,4.15,0.24,NA,480,NA,NA,NA,NA,NA,NA,NA,NA,NA,NA,NA,NA,NA,NA,NA,NA,NA,NA,NA,NA,"ES","0","0"
"229","SL18-UCONN-S58",58,"2019","2019_58","GOM","58","5_29_2019","122",NA,"SL18-NL-10-FG1","NL","SL18-LD-2-MG1","LD","SL18-NL-10-FG1xSL18-LD-2-MG1","NL X LD","2",1,"2",46,"8",2,0.54,0.94,0.574468085,12.34,0.07,NA,120,NA,NA,NA,NA,NA,NA,NA,NA,NA,NA,NA,NA,NA,NA,NA,NA,NA,NA,NA,NA,"ES","0","0"
"231","SL18-UCONN-S6",6,"2019","2019_6","GOM","6","5_31_2019","122",NA,"SL18-LD-10-FG1","LD","SA18-CB-1-MG2","CB","SL18-LD-10-FG1xSA18-CB-1-MG2","LD X CB","2",1,"3",46,"8",3,2.69,0.93,2.892473118,9.78,0.26,NA,320,NA,NA,NA,NA,NA,NA,NA,NA,NA,NA,NA,NA,NA,NA,NA,NA,NA,NA,NA,NA,"ES","0","0"
"232","SL18-UCONN-S60",60,"2019","2019_60","GOM","60","5_30_2019","122",NA,"SL18-NL-10-FG1","NL","SL18-OI-15-MG1","OI","SL18-NL-10-FG1xSL18-OI-15-MG1","NL X OI","3",4,"1",18,"3",3,4.42,0.93,4.752688172,8.49,0.38,96,260,NA,NA,NA,NA,NA,47.16,8.63,NA,NA,NA,NA,NA,NA,NA,NA,NA,NA,NA,NA,0.2132111045142,"ES","0","0"
"233","SL18-UCONN-S62",61,"2019","2019_62","GOM","62","5_29_2019","122",NA,"SL18-NL-10-FG1","NL","SL18-OI-7-MG1","OI","SL18-NL-10-FG1xSL18-OI-7-MG1","NL X OI","2",4,"2",23,"4",3,4.24,0.89,4.764044944,8.02,0.34,87,580,NA,NA,NA,NA,NA,49.26,8.47,NA,NA,NA,NA,NA,NA,NA,NA,NA,NA,NA,NA,0.193865567647765,"ES","0","0"
"234","SL18-UCONN-S63",62,"2019","2019_63","GOM","63","5_31_2019","122",NA,"SL18-NL-10-FG1","NL","SL18-SF-13-MG1","SF","SL18-NL-10-FG1xSL18-SF-13-MG1","NL X SF","2",4,"4",29,"5",3,4.04,0.94,4.29787234,8.19,0.33,82,420,NA,NA,NA,NA,NA,49.95,7.72,NA,NA,NA,NA,NA,NA,NA,NA,NA,NA,NA,NA,0.176173870195323,"ES","0","0"
"244","SL18-UCONN-S72",71,"2019","2019_72","GOM","72","5_30_2019","122",NA,"SL18-NL-10-FG3","NL","SL18-NL-3-MG2","NL","SL18-NL-10-FG3xSL18-NL-3-MG2","NL X NL","2",4,"1",40,"7",2,0.43,0.91,0.472527473,10,0.04,NA,100,NA,NA,NA,NA,NA,NA,NA,NA,NA,NA,NA,NA,NA,NA,NA,NA,NA,NA,NA,NA,"ES","1","0"
"245","SL18-UCONN-S73",72,"2019","2019_73","GOM","73","5_29_2019","122",NA,"SL18-NL-2-FG1","NL","SA18-CB-1-MG2","CB","SL18-NL-2-FG1xSA18-CB-1-MG2","NL X CB","2",1,"2",49,"9",3,4.54,0.93,4.88172043,8.26,0.38,93,320,NA,NA,NA,NA,NA,49.9,7.99,NA,NA,NA,NA,NA,NA,NA,NA,NA,NA,NA,NA,0.202018283866518,"ES","0","0"
"247","SL18-UCONN-S75",74,"2019","2019_75","GOM","75","5_31_2019","122",NA,"SL18-NL-2-FG1","NL","SL18-LD-13-MG2","LD","SL18-NL-2-FG1xSL18-LD-13-MG2","NL X LD","2",4,"3",38,"7",3,3.27,0.86,3.802325581,9.37,0.31,NA,520,NA,NA,NA,NA,NA,NA,NA,NA,NA,NA,NA,NA,NA,NA,NA,NA,NA,NA,NA,NA,"ES","0","0"
"10","SL18-UCONN-S76",75,"2019","2019_76","GOM","76","5_30_2019","122",NA,"SL18-NL-2-FG1","NL","SL18-SF-17-MG1","SF","SL18-NL-2-FG1xSL18-SF-17-MG1","NL X SF","1",4,"3",12,"2",3,3.54,0.88,4.022727273,11.91,0.42,107,220,NA,NA,NA,NA,NA,44.77,9.35,NA,NA,11.92,NA,NA,NA,3.84,0.52,5.99,0.29,0.43,0.85,0.264610695699758,"ES","0","0"
"248","SL18-UCONN-S77",76,"2019","2019_77","GOM","77","5_31_2019","122",NA,"SL18-NL-2-FG3","NL","SA18-CB-2-MG3","CB","SL18-NL-2-FG3xSA18-CB-2-MG3","NL X CB","1",1,"4",6,"1",3,1.78,0.89,2,9.65,0.17,NA,120,NA,NA,NA,NA,NA,NA,NA,NA,NA,NA,NA,NA,NA,NA,NA,NA,NA,NA,NA,NA,"ES","0","0"
"249","SL18-UCONN-S78",77,"2019","2019_78","GOM","78","5_29_2019","122",NA,"SL18-NL-2-FG3","NL","SA18-CB-4-MG1","CB","SL18-NL-2-FG3xSA18-CB-4-MG1","NL X CB","1",1,"2",13,"3",3,1.28,0.82,1.56097561,7.78,0.1,NA,40,NA,NA,NA,NA,NA,NA,NA,NA,NA,NA,NA,NA,NA,NA,NA,NA,NA,NA,NA,NA,"ES","0","0"
"250","SL18-UCONN-S79",78,"2019","2019_79","GOM","79","5_31_2019","122",NA,"SL18-NL-2-FG3","NL","SL18-LD-3-MG2","LD","SL18-NL-2-FG3xSL18-LD-3-MG2","NL X LD","2",1,"4",24,"4",3,1.31,0.73,1.794520548,9.38,0.12,NA,0,NA,NA,NA,NA,NA,NA,NA,NA,NA,NA,NA,NA,NA,NA,NA,NA,NA,NA,NA,NA,"ES","0","0"
"252","SL18-UCONN-S80",79,"2019","2019_80","GOM","80","5_31_2019","122",NA,"SL18-NL-2-FG3","NL","SL18-OI-16-MG1","OI","SL18-NL-2-FG3xSL18-OI-16-MG1","NL X OI","2",4,"4",16,"3",3,3.58,0.84,4.261904762,8.47,0.3,NA,280,NA,NA,NA,NA,NA,NA,NA,NA,NA,NA,NA,NA,NA,NA,NA,NA,NA,NA,NA,NA,"ES","0","0"
"13","SL18-UCONN-S82",81,"2019","2019_82","GOM","82","5_30_2019","122",NA,"SL18-NL-3-FG1","NL","SA18-CB-7-MG2","CB","SL18-NL-3-FG1xSA18-CB-7-MG2","NL X CB","2",4,"3",15,"3",3,4.7,0.95,4.947368421,9.07,0.43,103,240,NA,NA,NA,NA,NA,47.37,8.86,NA,NA,12.8,NA,NA,NA,5.22,0.51,5.75,0.22,0.36,0.75,0.236164659997488,"ES","0","0"
"255","SL18-UCONN-S84",83,"2019","2019_84","GOM","84","5_31_2019","122",NA,"SL18-NL-3-FG1","NL","SL18-OI-11-MG2","OI","SL18-NL-3-FG1xSL18-OI-11-MG2","NL X OI","3",1,"4",10,"2",3,2.66,1.2,2.216666667,9.75,0.26,NA,280,NA,NA,NA,NA,NA,NA,NA,NA,NA,NA,NA,NA,NA,NA,NA,NA,NA,NA,NA,NA,"ES","0","0"
"256","SL18-UCONN-S85",84,"2019","2019_85","GOM","85","5_31_2019","122",NA,"SL18-NL-3-FG1","NL","SL18-SF-13-MG2","SF","SL18-NL-3-FG1xSL18-SF-13-MG2","NL X SF","3",1,"4",27,"5",3,1.68,0.92,1.826086957,12.06,0.2,NA,160,NA,NA,NA,NA,NA,NA,NA,NA,NA,NA,NA,NA,NA,NA,NA,NA,NA,NA,NA,NA,"ES","0","0"
"5","SL18-UCONN-S87",86,"2019","2019_87","GOM","87","5_31_2019","122",NA,"SL18-NL-3-FG2","NL","SL18-SF-17-MG2","SF","SL18-NL-3-FG2xSL18-SF-17-MG2","NL X SF","2",4,"4",48,"8",3,6.16,0.87,7.08045977,7.45,0.46,97,480,NA,NA,NA,NA,NA,54.04,7.23,NA,NA,10.22,NA,NA,NA,0,1,7.57,0.3,0.42,0.87,0.242436358616754,"ES","0","0"
"258","SL18-UCONN-S88",87,"2019","2019_88","GOM","88","5_31_2019","122",NA,"SL18-NL-3-FG3","NL","SA18-CB-2-MG2","CB","SL18-NL-3-FG3xSA18-CB-2-MG2","NL X CB","1",1,"4",44,"8",3,1.74,1.03,1.689320388,9.49,0.17,NA,140,NA,NA,NA,NA,NA,NA,NA,NA,NA,NA,NA,NA,NA,NA,NA,NA,NA,NA,NA,NA,"ES","0","0"
"260","SL18-UCONN-S9",9,"2019","2019_9","GOM","9","5_29_2019","122",NA,"SL18-LD-10-FG1","LD","SL18-OI-18-MG1","OI","SL18-LD-10-FG1xSL18-OI-18-MG1","LD X OI","1",1,"2",3,"1",3,1.33,0.8,1.6625,11.87,0.16,NA,80,NA,NA,NA,NA,NA,NA,NA,NA,NA,NA,NA,NA,NA,NA,NA,NA,NA,NA,NA,NA,"ES","0","0"
"1","SL18-UCONN-S94",93,"2019","2019_94","GOM","94","5_29_2019","122",NA,"SL18-NL-6-FG1","NL","SA18-CB-3-MG3","CB","SL18-NL-6-FG1xSA18-CB-3-MG3","NL X CB","3",4,"2",10,"2",3,7.62,1.08,7.055555556,6.24,0.48,99,620,22.88,2.7,2.2,0.6,16.46,55.17,6.18,"8.31*","7.72*",7.47,NA,NA,NA,0,0.63,5.47,0.13,0.39,0.85,0.1973715466791,"ES","0","0"
"265","SL18-UCONN-S95",94,"2019","2019_95","GOM","95","5_30_2019","122",NA,"SL18-NL-6-FG1","NL","SA18-CB-7-MG2","CB","SL18-NL-6-FG1xSA18-CB-7-MG2","NL X CB","2",4,"2",35,"6",3,5.3,0.89,5.95505618,8.75,0.46,105,400,NA,NA,NA,NA,NA,49.9,7.6,NA,NA,NA,NA,NA,NA,NA,NA,NA,NA,NA,NA,0.26105477529075,"ES","0","0"
"266","SL18-UCONN-S96",95,"2019","2019_96","GOM","96","5_30_2019","122",NA,"SL18-NL-6-FG1","NL","SL18-LD-1-MG2","LD","SL18-NL-6-FG1xSL18-LD-1-MG2","NL X LD","2",1,"1",7,"2",3,2.05,0.91,2.252747253,8.96,0.18,NA,360,NA,NA,NA,NA,NA,NA,NA,NA,NA,NA,NA,NA,NA,NA,NA,NA,NA,NA,NA,NA,"ES","0","0"
"267","SL18-UCONN-S97",96,"2019","2019_97","GOM","97","5_30_2019","122",NA,"SL18-NL-6-FG1","NL","SL18-LD-2-MG1","LD","SL18-NL-6-FG1xSL18-LD-2-MG1","NL X LD","2",4,"2",28,"5",3,3.58,0.92,3.891304348,7.67,0.27,NA,400,NA,NA,NA,NA,NA,NA,NA,NA,NA,NA,NA,NA,NA,NA,NA,NA,NA,NA,NA,NA,"ES","0","0"
"268","SL18-UCONN-S98",97,"2019","2019_98","GOM","98","5_30_2019","122",NA,"SL18-NL-6-FG1","NL","SL18-LD-3-MG2","LD","SL18-NL-6-FG1xSL18-LD-3-MG2","NL X LD","3",4,"3",27,"5",3,4.51,0.88,5.125,7.7,0.35,86,600,NA,NA,NA,NA,NA,51.76,7.64,NA,NA,NA,NA,NA,NA,NA,NA,NA,NA,NA,NA,0.1903671,"ES","0","0"
"269","SL18-UCONN-S99",98,"2019","2019_99","GOM","99","5_30_2019","122",NA,"SL18-NL-6-FG1","NL","SL18-NL-2-MG1","NL","SL18-NL-6-FG1xSL18-NL-2-MG1","NL X NL","2",4,"1",34,"6",3,2.69,0.94,2.861702128,9.09,0.24,NA,420,NA,NA,NA,NA,NA,NA,NA,NA,NA,NA,NA,NA,NA,NA,NA,NA,NA,NA,NA,NA,"ES","1","0"
"271","SL19-UCONN-S10",201,"2020","2020_10","GOM","10","6_9_2020","185",NA,"SL18-OI-11-FG3","OI","SL18-CC-1-MG3","CC","SL18-OI-11-FG3xSL18-CC-1-MG3","OI X CC","3",1,"1",11,"2",3,7.98,0.895,8.92,11.56,1.031543485,127,150,NA,NA,NA,NA,NA,43.27,10.93,NA,NA,NA,NA,NA,NA,NA,NA,NA,NA,NA,NA,0.5849725296,"ES","0","0"
"273","SL19-UCONN-S101",203,"2020","2020_101","GOM","101","6_9_2020","185",NA,"SL18-JS-16-FG3","JS","SL18-NC-10-MG3","NC","SL18-JS-16-FG3xSL18-NC-10-MG3","JS X NC","3",1,"2",48,"8",2,1.59,1.04,1.53,9.56,0.145898646,59,60,NA,NA,NA,NA,NA,41.26,10.24,NA,NA,NA,NA,NA,NA,NA,NA,NA,NA,NA,NA,0.0859178232,"ES","0","0"
"276","SL19-UCONN-S104",206,"2020","2020_104","GOM","104","6_9_2020","185",NA,"SL18-OI-5-FG5","OI","SA18-CB-7-MG3","CB","SL18-OI-5-FG5xSA18-CB-7-MG3","OI X CB","3",1,"2",51,"9",2,0.52,0.95,0.55,16.92,0.09321362,48,80,NA,NA,NA,NA,NA,29.48,11.7,NA,NA,NA,NA,NA,NA,NA,NA,NA,NA,NA,NA,0.065625912,"ES","0","0"
"284","SL19-UCONN-S111",214,"2020","2020_111","GOM","111","6_9_2020","185",NA,"SL18-CC-1-FG2","CC","SL18-OI-16-MG1","OI","SL18-CC-1-FG2xSL18-OI-16-MG1","CC X OI","3",1,"2",58,"10",3,3.33,1.03,3.23,14.82,0.478797213,NA,130,NA,NA,NA,NA,NA,NA,NA,NA,NA,NA,NA,NA,NA,NA,NA,NA,NA,NA,NA,NA,"ES","0","0"
"285","SL19-UCONN-S112",215,"2020","2020_112","GOM","112","6_9_2020","185",NA,"SL18-NC-11-FG1","NC","SL18-NL-2-MG1","NL","SL18-NC-11-FG1xSL18-NL-2-MG1","NC X NL","1",1,"2",59,"10",2,2.17,1.015,2.14,12.94,0.276564855,85,50,NA,NA,NA,NA,NA,39.13,11.19,NA,NA,NA,NA,NA,NA,NA,NA,NA,NA,NA,NA,0.1685587692,"ES","0","0"
"286","SL19-UCONN-S113",216,"2020","2020_113","GOM","113","6_9_2020","185",NA,"SL18-CC-5-FG2","CC","SA18-CB-10-MG1","CB","SL18-CC-5-FG2xSA18-CB-10-MG1","CC X CB","3",1,"2",60,"10",3,15.94,1.058,15.06,13.21,1.989688812,143,110,NA,NA,NA,NA,NA,38.97,11.46,NA,NA,NA,NA,NA,NA,NA,NA,NA,NA,NA,NA,1.2141466878,"ES","0","0"
"288","SL19-UCONN-S115",218,"2020","2020_115","GOM","115","6_9_2020","185",NA,"SL18-LD-13-FG2","LD","SL18-LD-13-MG2","LD","SL18-LD-13-FG2xSL18-LD-13-MG2","LD X LD","1",1,"2",62,"11",2,0.33,0.988,0.33,11.71,0.03920757,15,150,NA,NA,NA,NA,NA,34.39,11.14,NA,NA,NA,NA,NA,NA,NA,NA,NA,NA,NA,NA,0.0253536723,"ES","1","1"
"292","SL19-UCONN-S119",222,"2020","2020_119","GOM","119","6_9_2020","185",NA,"SL18-CC-5-FG3","CC","SL18-OI-14-MG1","OI","SL18-CC-5-FG3xSL18-OI-14-MG1","CC X OI","3",1,"3",3,"1",3,13.58,0.98,13.86,10.79,1.495930496,137,90,NA,NA,NA,NA,NA,43.1,11.51,NA,NA,NA,NA,NA,NA,NA,NA,NA,NA,NA,NA,0.850936086,"ES","0","0"
"24","SL19-UCONN-S12",223,"2020","2020_12","GOM","12","6_9_2020","185",NA,"SL18-CC-11-FG3","CC","SL18-CC-3-MG1","CC","SL18-CC-11-FG3xSL18-CC-3-MG1","CC X CC","3",1,"1",13,"3",2,1.05,0.85,1.24,13.13,0.162226696,66,40,NA,NA,NA,NA,NA,40.75,11.34,NA,NA,16.94,NA,NA,NA,7.04,1.07,7.03,0.28,0.57,0.94,0.09646611,"ES","1","0"
"15","SL19-UCONN-S121",225,"2020","2020_121","GOM","121","6_9_2020","185",NA,"SL18-CC-11-FG3","CC","SA18-CB-3-MG3","CB","SL18-CC-11-FG3xSA18-CB-3-MG3","CC X CB","3",1,"3",5,"1",3,17.06,0.98,17.41,10.98,1.912050785,140,740,NA,NA,NA,NA,NA,42.79,12.16,NA,NA,13.57,NA,NA,NA,4.46,0.92,6.39,0.35,0.36,1,1.0936366578,"ES","0","0"
"300","SL19-UCONN-S128",232,"2020","2020_128","GOM","128","6_9_2020","185",NA,"SL18-JS-16-FG1","JS","SL18-CC-4-MG11","CC","SL18-JS-16-FG1xSL18-CC-4-MG11","JS X CC","1",1,"3",13,"3",2,0.35,0.99,0.35,10.97,0.038860603,10,80,NA,NA,NA,NA,NA,39.75,11.89,NA,NA,NA,NA,NA,NA,NA,NA,NA,NA,NA,NA,0.0231329875,"ES","0","0"
"303","SL19-UCONN-S130",235,"2020","2020_130","GOM","130","6_9_2020","185",NA,"SL18-CC-11-FG3","CC","SL18-JS-16-MG1","JS","SL18-CC-11-FG3xSL18-JS-16-MG1","CC X JS","3",1,"3",15,"3",3,5.41,1.046,5.17,11.73,0.606503052,NA,110,NA,NA,NA,NA,NA,NA,NA,NA,NA,NA,NA,NA,NA,NA,NA,NA,NA,NA,NA,NA,"ES","0","0"
"304","SL19-UCONN-S131",236,"2020","2020_131","GOM","131","6_9_2020","185",NA,"SL18-NC-12-FG2","NC","SA18-CB-4-MG3","CB","SL18-NC-12-FG2xSA18-CB-4-MG3","NC X CB","3",1,"3",16,"3",3,1.62,0.81,2,9.64,0.1931936,NA,100,NA,NA,NA,NA,NA,NA,NA,NA,NA,NA,NA,NA,NA,NA,NA,NA,NA,NA,NA,NA,"ES","0","0"
"305","SL19-UCONN-S132",237,"2020","2020_132","GOM","132","6_9_2020","185",NA,"SL18-OD-5-FG1","OD","SL18-CC-8-MG2","CC","SL18-OD-5-FG1xSL18-CC-8-MG2","OD X CC","3",1,"3",17,"3",2,0.58,1.045,0.55,10.65,0.058814816,28,130,NA,NA,NA,NA,NA,34.67,11.68,NA,NA,NA,NA,NA,NA,NA,NA,NA,NA,NA,NA,0.0382670475,"ES","0","0"
"306","SL19-UCONN-S133",238,"2020","2020_133","GOM","133","6_9_2020","185",NA,"SL18-CC-1-FG3","CC","SL18-OI-9-MG2","OI","SL18-CC-1-FG3xSL18-OI-9-MG2","CC X OI","1",1,"3",18,"3",2,0.39,1.05,0.37,12.37,0.045545013,NA,100,NA,NA,NA,NA,NA,NA,NA,NA,NA,NA,NA,NA,NA,NA,NA,NA,NA,NA,NA,NA,"ES","0","0"
"27","SL19-UCONN-S135",240,"2020","2020_135","GOM","135","6_9_2020","185",NA,"SA18-CB-9-FG1","CB","SL18-JS-5-MG3","JS","SA18-CB-9-FG1xSL18-JS-5-MG3","CB X JS","1",1,"3",20,"4",2,0.92,0.89,1.03,11.26,0.116125876,55,30,NA,NA,NA,NA,NA,37.63,11.19,NA,NA,18.4,NA,NA,NA,10.45,0.6,5.93,0.27,0.41,0.73,0.0723354786,"ES","0","0"
"309","SL19-UCONN-S137",242,"2020","2020_137","GOM","137","6_9_2020","185",NA,"SL18-CC-5-FG1","CC","SL18-JS-9-MG1","JS","SL18-CC-5-FG1xSL18-JS-9-MG1","CC X JS","1",1,"3",22,"4",2,0.39,0.915,0.42,9.14,0.038572756,NA,20,NA,NA,NA,NA,NA,NA,NA,NA,NA,NA,NA,NA,NA,NA,NA,NA,NA,NA,NA,NA,"ES","0","0"
"310","SL19-UCONN-S138",243,"2020","2020_138","GOM","138","6_9_2020","185",NA,"SL18-OI-15-FG1","OI","SA18-CB-2-MG3","CB","SL18-OI-15-FG1xSA18-CB-2-MG3","OI X CB","2",1,"3",24,"4",2,0.77,0.94,0.82,8.7,0.071632259,34,80,NA,NA,NA,NA,NA,38.35,11.63,NA,NA,NA,NA,NA,NA,NA,NA,NA,NA,NA,NA,0.04398111,"ES","0","0"
"311","SL19-UCONN-S139",244,"2020","2020_139","GOM","139","6_9_2020","185",NA,"SL18-CC-12-FG3","CC","SL18-OI-15-MG2","OI","SL18-CC-12-FG3xSL18-OI-15-MG2","CC X OI","3",1,"3",25,"5",3,4.37,0.953,4.59,12.35,0.566752741,NA,190,NA,NA,NA,NA,NA,NA,NA,NA,NA,NA,NA,NA,NA,NA,NA,NA,NA,NA,NA,NA,"ES","0","0"
"312","SL19-UCONN-S14",245,"2020","2020_14","GOM","14","6_9_2020","185",NA,"SL18-SF-17-FG2","SF","SL18-NC-1-MG1","NC","SL18-SF-17-FG2xSL18-NC-1-MG1","SF X NC","2",1,"1",15,"3",2,1.51,1,1.51,12.39,0.187129708,NA,90,NA,NA,NA,NA,NA,NA,NA,NA,NA,NA,NA,NA,NA,NA,NA,NA,NA,NA,NA,NA,"ES","0","0"
"30","SL19-UCONN-S140",246,"2020","2020_140","GOM","140","6_9_2020","185",NA,"SL18-JS-5-FG1","JS","SL18-LD-2-MG4","LD","SL18-JS-5-FG1xSL18-LD-2-MG4","JS X LD","1",1,"3",26,"5",2,1.68,0.955,1.76,9.19,0.161994864,69,30,NA,NA,NA,NA,NA,39.71,10.87,NA,NA,19.21,NA,NA,NA,10.19,0.91,6.63,0.29,0.46,0.74,0.0975154576,"ES","0","0"
"35","SL19-UCONN-S141",247,"2020","2020_141","GOM","141","6_9_2020","185",NA,"SL18-OD-5-FG3","OD","SA18-CB-1-MG12","CB","SL18-OD-5-FG3xSA18-CB-1-MG12","OD X CB","3",1,"3",27,"5",3,1.05,1.03,1.02,10.96,0.111509655,52,110,NA,NA,NA,NA,NA,35.95,10.92,NA,NA,21.79,NA,NA,NA,13.2,0.74,6.53,0.26,0.41,0.65,0.071602776,"ES","0","0"
"16","SL19-UCONN-S143",249,"2020","2020_143","GOM","143","6_9_2020","185",NA,"SL18-CC-5-FG3","CC","SL18-JS-5-MG2","JS","SL18-CC-5-FG3xSL18-JS-5-MG2","CC X JS","3",1,"3",29,"5",3,3.8,1.05,3.62,4.37,0.157828887,63,190,NA,NA,NA,NA,NA,40.33,10.21,NA,NA,13.68,NA,NA,NA,5.96,0.87,5.58,0.19,0.4,0.68,0.0943943598,"ES","0","0"
"36","SL19-UCONN-S144",250,"2020","2020_144","GOM","144","6_9_2020","185",NA,"SL18-SF-13-FG1","SF","SA18-CB-7-MG1","CB","SL18-SF-13-FG1xSA18-CB-7-MG1","SF X CB","2",1,"3",30,"5",2,1.49,1.049,1.42,10.55,0.149539341,70,50,NA,NA,NA,NA,NA,34.49,10.23,NA,NA,21.87,NA,NA,NA,14.04,0.5,6.08,0.2,0.35,0.66,0.098140531,"ES","0","0"
"314","SL19-UCONN-S145",251,"2020","2020_145","GOM","145","6_9_2020","185",NA,"SL18-LL-9-FG6","LL","SA18-CB-10-MG3","CB","SL18-LL-9-FG6xSA18-CB-10-MG3","LL X CB","2",1,"3",31,"6",2,0.22,0.93,0.24,10.14,0.02452874,NA,240,NA,NA,NA,NA,NA,NA,NA,NA,NA,NA,NA,NA,NA,NA,NA,NA,NA,NA,NA,NA,"ES","0","0"
"315","SL19-UCONN-S146",252,"2020","2020_146","GOM","146","6_9_2020","185",NA,"SL18-OI-15-FG2","OI","SA18-CB-2-MG3","CB","SL18-OI-15-FG2xSA18-CB-2-MG3","OI X CB","3",1,"3",32,"6",3,4.16,0.91,4.57,13.33,0.608846704,NA,190,NA,NA,NA,NA,NA,NA,NA,NA,NA,NA,NA,NA,NA,NA,NA,NA,NA,NA,NA,NA,"ES","0","0"
"316","SL19-UCONN-S147",253,"2020","2020_147","GOM","147","6_9_2020","185",NA,"SA18-CB-2-FG3","CB","SL18-NC-9-MG1","NC","SA18-CB-2-FG3xSL18-NC-9-MG1","CB X NC","1",1,"3",33,"6",3,2.81,0.983,2.86,14.75,0.421900032,108,120,NA,NA,NA,NA,NA,44.42,10.83,NA,NA,NA,NA,NA,NA,NA,NA,NA,NA,NA,NA,0.23446423,"ES","0","0"
"318","SL19-UCONN-S149",255,"2020","2020_149","GOM","149","6_9_2020","185",NA,"SL18-NL-2-FG3","NL","SA18-CB-4-MG1","CB","SL18-NL-2-FG3xSA18-CB-4-MG1","NL X CB","1",1,"3",35,"6",2,0.34,0.99,0.34,11.3,0.038884822,11,60,NA,NA,NA,NA,NA,39.77,11.45,NA,NA,NA,NA,NA,NA,NA,NA,NA,NA,NA,NA,0.023140366,"ES","0","0"
"321","SL19-UCONN-S151",258,"2020","2020_151","GOM","151","6_9_2020","185",NA,"SA18-CB-5-FG4","CB","SL18-CC-1-MG3","CC","SA18-CB-5-FG4xSL18-CC-1-MG3","CB X CC","1",1,"3",37,"7",3,3.77,0.97,3.89,12.42,0.482847742,NA,60,NA,NA,NA,NA,NA,NA,NA,NA,NA,NA,NA,NA,NA,NA,NA,NA,NA,NA,NA,NA,"ES","0","0"
"322","SL19-UCONN-S152",259,"2020","2020_152","GOM","152","6_9_2020","185",NA,"SL18-CC-3-FG1","CC","SL18-JS-6-MG3","JS","SL18-CC-3-FG1xSL18-JS-6-MG3","CC X JS","3",1,"3",38,"7",3,6.41,1.035,6.19,12.52,0.775134127,119,180,NA,NA,NA,NA,NA,42.72,11.36,NA,NA,NA,NA,NA,NA,NA,NA,NA,NA,NA,NA,0.4439131264,"ES","0","0"
"323","SL19-UCONN-S153",260,"2020","2020_153","GOM","153","6_9_2020","185",NA,"SL18-JS-16-FG1","JS","SL18-LD-2-MG2","LD","SL18-JS-16-FG1xSL18-LD-2-MG2","JS X LD","2",1,"3",39,"7",3,1.74,1.05,1.65,13.08,0.216354947,NA,110,NA,NA,NA,NA,NA,NA,NA,NA,NA,NA,NA,NA,NA,NA,NA,NA,NA,NA,NA,NA,"ES","0","0"
"324","SL19-UCONN-S154",261,"2020","2020_154","GOM","154","6_9_2020","185",NA,"SL18-NC-10-FG1","NC","SL18-NC-5-MG1","NC","SL18-NC-10-FG1xSL18-NC-5-MG1","NC X NC","1",1,"3",40,"7",2,0.19,0.98,0.2,9.56,0.018680038,NA,80,NA,NA,NA,NA,NA,NA,NA,NA,NA,NA,NA,NA,NA,NA,NA,NA,NA,NA,NA,NA,"ES","1","0"
"28","SL19-UCONN-S156",263,"2020","2020_156","GOM","156","6_9_2020","185",NA,"SL18-OI-17-FG4","OI","SL18-JS-6-MG2","JS","SL18-OI-17-FG4xSL18-JS-6-MG2","OI X JS","3",1,"3",42,"7",3,8.79,0.855,10.28,11.12,1.143510679,132,160,NA,NA,NA,NA,NA,42.52,11.25,NA,NA,18.66,NA,NA,NA,8.84,1.17,6.99,0.35,0.44,0.79,0.6570745728,"ES","0","0"
"326","SL19-UCONN-S157",264,"2020","2020_157","GOM","157","6_9_2020","185",NA,"SL18-CC-1-FG2","CC","SL18-OI-16-MG3","OI","SL18-CC-1-FG2xSL18-OI-16-MG3","CC X OI","3",1,"3",43,"8",2,0.58,0.89,0.65,12.11,0.078623966,36,60,NA,NA,NA,NA,NA,42.13,11.91,NA,NA,NA,NA,NA,NA,NA,NA,NA,NA,NA,NA,0.0455523705,"ES","0","0"
"327","SL19-UCONN-S158",265,"2020","2020_158","GOM","158","6_9_2020","185",NA,"SA18-CB-2-FG3","CB","SL18-OI-2-MG2","OI","SA18-CB-2-FG3xSL18-OI-2-MG2","CB X OI","3",1,"3",45,"8",3,2.86,1.01,2.83,13.12,0.371376484,NA,150,NA,NA,NA,NA,NA,NA,NA,NA,NA,NA,NA,NA,NA,NA,NA,NA,NA,NA,NA,NA,"ES","0","0"
"328","SL19-UCONN-S159",266,"2020","2020_159","GOM","159","6_9_2020","185",NA,"SL18-CC-5-FG3","CC","SL18-JS-19-MG2","JS","SL18-CC-5-FG3xSL18-JS-19-MG2","CC X JS","2",1,"3",46,"8",2,1.6,1.05,1.52,11.62,0.176738612,NA,40,NA,NA,NA,NA,NA,NA,NA,NA,NA,NA,NA,NA,NA,NA,NA,NA,NA,NA,NA,NA,"ES","0","0"
"23","SL19-UCONN-S160",268,"2020","2020_160","GOM","160","6_9_2020","185",NA,"SL18-CC-3-FG2","CC","SA18-CB-10-MG3","CB","SL18-CC-3-FG2xSA18-CB-10-MG3","CC X CB","3",1,"3",47,"8",3,14.61,0.95,15.38,13.58,2.089694461,142,250,27.01,3.46,1.69,0.82,24.42,42.6,11.37,"10.39*","9.63*",16.6,NA,NA,NA,8.74,0.73,5.72,0.28,0.39,0.67,1.198858696,"ES","0","0"
"12","SL19-UCONN-S162",270,"2020","2020_162","GOM","162","6_9_2020","185",NA,"SL18-CC-1-FG1","CC","SL18-OI-16-MG3","OI","SL18-CC-1-FG1xSL18-OI-16-MG3","CC X OI","3",1,"3",49,"9",3,0.98,0.94,1.05,14.15,0.14812139,60,20,NA,NA,NA,NA,NA,41.49,11.91,NA,NA,12.67,NA,NA,NA,6.95,0.93,4.63,0.16,0,0,0.0869312325,"ES","0","0"
"331","SL19-UCONN-S163",271,"2020","2020_163","GOM","163","6_9_2020","185",NA,"SL18-JS-16-FG3","JS","SL18-OD-6-MG2","OD","SL18-JS-16-FG3xSL18-OD-6-MG2","JS X OD","3",1,"3",50,"9",2,1.14,1.05,1.08,14.99,0.162267733,71,100,NA,NA,NA,NA,NA,37.05,10.63,NA,NA,NA,NA,NA,NA,NA,NA,NA,NA,NA,NA,0.101911014,"ES","0","0"
"337","SL19-UCONN-S169",277,"2020","2020_169","GOM","169","6_9_2020","185",NA,"SL18-OI-4-FG2","OI","SL18-NC-15-MG1","NC","SL18-OI-4-FG2xSL18-NC-15-MG1","OI X NC","3",1,"3",57,"10",3,8.5,0.98,8.67,11.69,1.014038283,126,300,NA,NA,NA,NA,NA,43.47,10.89,NA,NA,NA,NA,NA,NA,NA,NA,NA,NA,NA,NA,0.5729445519,"ES","0","0"
"339","SL19-UCONN-S170",279,"2020","2020_170","GOM","170","6_9_2020","185",NA,"SL18-NC-12-FG2","NC","SL18-OI-16-MG1","OI","SL18-NC-12-FG2xSL18-OI-16-MG1","NC X OI","3",1,"3",58,"10",2,2.62,1.01,2.59,10.01,0.259678296,NA,90,NA,NA,NA,NA,NA,NA,NA,NA,NA,NA,NA,NA,NA,NA,NA,NA,NA,NA,NA,NA,"ES","0","0"
"19","SL19-UCONN-S172",281,"2020","2020_172","GOM","172","6_9_2020","185",NA,"SL18-CC-8-FG2","CC","SL18-JS-5-MG3","JS","SL18-CC-8-FG2xSL18-JS-5-MG3","CC X JS","2",1,"3",60,"10",3,11.96,1.01,11.84,12.4,1.468216837,138,210,NA,NA,NA,NA,NA,40.7,11.11,NA,NA,14.59,NA,NA,NA,5.08,1.12,6.71,0.33,0.44,0.83,0.87061888,"ES","0","0"
"342","SL19-UCONN-S174",283,"2020","2020_174","GOM","174","6_9_2020","185",NA,"SL18-OI-4-FG2","OI","SL18-JS-19-MG2","JS","SL18-OI-4-FG2xSL18-JS-19-MG2","OI X JS","2",1,"3",62,"11",2,1.9,0.89,2.13,11.69,0.249342417,NA,110,NA,NA,NA,NA,NA,NA,NA,NA,NA,NA,NA,NA,NA,NA,NA,NA,NA,NA,NA,NA,"ES","0","0"
"37","SL19-UCONN-S176",285,"2020","2020_176","GOM","176","6_9_2020","185",NA,"SL18-OI-6-FG2","OI","SA18-CB-4-MG2","CB","SL18-OI-6-FG2xSA18-CB-4-MG2","OI X CB","3",1,"4",2,"1",3,15.08,0.96,15.71,13.68,2.148595766,144,190,30.12,3.93,1.85,0.66,27.08,36.36,11.48,"11.77*","10.91*",22.27,NA,NA,NA,11.9,1.05,7.75,0.2,0.42,0.88,1.3677050592,"ES","0","0"
"346","SL19-UCONN-S179",288,"2020","2020_179","GOM","179","6_9_2020","185",NA,"SL18-CC-3-FG1","CC","SL18-JS-5-MG2","JS","SL18-CC-3-FG1xSL18-JS-5-MG2","CC X JS","3",1,"4",6,"1",3,8.88,0.96,9.25,11.11,1.028074377,125,120,NA,NA,NA,NA,NA,45.31,10.82,NA,NA,NA,NA,NA,NA,NA,NA,NA,NA,NA,NA,0.5620354575,"ES","0","0"
"348","SL19-UCONN-S180",290,"2020","2020_180","GOM","180","6_9_2020","185",NA,"SL18-CC-3-FG2","CC","SL18-OD-6-MG1","OD","SL18-CC-3-FG2xSL18-OD-6-MG1","CC X OD","3",1,"4",8,"2",3,6.63,0.97,6.84,12.64,0.864280209,122,190,NA,NA,NA,NA,NA,42.33,10.88,NA,NA,NA,NA,NA,NA,NA,NA,NA,NA,NA,NA,0.4986009792,"ES","0","0"
"349","SL19-UCONN-S181",291,"2020","2020_181","GOM","181","6_9_2020","185",NA,"SL18-LD-2-FG2","LD","SL18-SF-19-MG1","SF","SL18-LD-2-FG2xSL18-SF-19-MG1","LD X SF","1",1,"4",9,"2",2,0.56,0.925,0.6,9.88,0.059279684,24,0,NA,NA,NA,NA,NA,40.73,11.76,NA,NA,NA,NA,NA,NA,NA,NA,NA,NA,NA,NA,0.035135256,"ES","0","0"
"350","SL19-UCONN-S182",292,"2020","2020_182","GOM","182","6_9_2020","185",NA,"SL18-LD-13-FG2","LD","SA18-CB-7-MG1","CB","SL18-LD-13-FG2xSA18-CB-7-MG1","LD X CB","1",1,"4",10,"2",2,1.79,0.871,2.05,14.86,0.305279087,NA,50,NA,NA,NA,NA,NA,NA,NA,NA,NA,NA,NA,NA,NA,NA,NA,NA,NA,NA,NA,NA,"ES","0","0"
"21","SL19-UCONN-S185",295,"2020","2020_185","GOM","185","6_9_2020","185",NA,"SL18-OI-6-FG2","OI","SL18-LD-2-MG2","LD","SL18-OI-6-FG2xSL18-LD-2-MG2","OI X LD","1",1,"4",13,"3",3,7.92,0.97,8.17,14.47,1.181927802,133,190,NA,NA,NA,NA,NA,41.14,11.56,NA,NA,16.3,NA,NA,NA,8.37,0.68,5.87,0.26,0.39,0.7,0.6958423314,"ES","0","0"
"353","SL19-UCONN-S186",296,"2020","2020_186","GOM","186","6_9_2020","185",NA,"SL18-CC-12-FG3","CC","SL18-OI-15-MG3","OI","SL18-CC-12-FG3xSL18-OI-15-MG3","CC X OI","3",1,"4",14,"3",3,1.93,1.14,1.69,12.67,0.214452877,NA,150,NA,NA,NA,NA,NA,NA,NA,NA,NA,NA,NA,NA,NA,NA,NA,NA,NA,NA,NA,NA,"ES","0","0"
"356","SL19-UCONN-S189",299,"2020","2020_189","GOM","189","6_9_2020","185",NA,"SL18-CC-11-FG3","CC","SL18-NC-2-MG3","NC","SL18-CC-11-FG3xSL18-NC-2-MG3","CC X NC","2",1,"4",17,"3",3,7.6,0.91,8.35,9.08,0.757613556,116,260,NA,NA,NA,NA,NA,46.26,11.26,NA,NA,NA,NA,NA,NA,NA,NA,NA,NA,NA,NA,0.407445932,"ES","0","0"
"358","SL19-UCONN-S190",301,"2020","2020_190","GOM","190","6_9_2020","185",NA,"SL18-CC-12-FG2","CC","SL18-OI-15-MG2","OI","SL18-CC-12-FG2xSL18-OI-15-MG2","CC X OI","3",1,"4",18,"3",3,8.67,0.985,8.8,11.7,1.030320421,129,100,NA,NA,NA,NA,NA,40.61,11.06,NA,NA,NA,NA,NA,NA,NA,NA,NA,NA,NA,NA,0.61147944,"ES","0","0"
"359","SL19-UCONN-S191",302,"2020","2020_191","GOM","191","6_9_2020","185",NA,"SL18-SF-17-FG2","SF","SA18-CB-1-MG13","CB","SL18-SF-17-FG2xSA18-CB-1-MG13","SF X CB","3",1,"4",19,"4",2,1.93,0.92,2.09,14.15,0.29622886,NA,20,NA,NA,NA,NA,NA,NA,NA,NA,NA,NA,NA,NA,NA,NA,NA,NA,NA,NA,NA,NA,"ES","0","0"
"368","SL19-UCONN-S2",311,"2020","2020_2","GOM","2","6_9_2020","185",NA,"SL18-SF-17-FG2","SF","SL18-OI-4-MG3","OI","SL18-SF-17-FG2xSL18-OI-4-MG3","SF X OI","3",1,"1",3,"1",2,1.95,1.11,1.76,11.05,0.194399721,NA,0,NA,NA,NA,NA,NA,NA,NA,NA,NA,NA,NA,NA,NA,NA,NA,NA,NA,NA,NA,NA,"ES","0","0"
"369","SL19-UCONN-S20",312,"2020","2020_20","GOM","20","6_9_2020","185",NA,"SL18-NC-10-FG3","NC","SL18-NL-5-MG2","NL","SL18-NC-10-FG3xSL18-NL-5-MG2","NC X NL","1",1,"1",22,"4",2,0.51,0.99,0.52,10.55,0.054416662,NA,100,NA,NA,NA,NA,NA,NA,NA,NA,NA,NA,NA,NA,NA,NA,NA,NA,NA,NA,NA,NA,"ES","0","0"
"371","SL19-UCONN-S201",314,"2020","2020_201","GOM","201","6_9_2020","185",NA,"SL18-CC-8-FG2","CC","SL18-LD-9-MG1","LD","SL18-CC-8-FG2xSL18-LD-9-MG1","CC X LD","3",1,"4",29,"5",3,3.37,0.96,3.51,11.08,0.389114621,109,140,NA,NA,NA,NA,NA,39.57,11.67,NA,NA,NA,NA,NA,NA,NA,NA,NA,NA,NA,NA,0.2350171044,"ES","0","0"
"375","SL19-UCONN-S205",318,"2020","2020_205","GOM","205","6_9_2020","185",NA,"SL18-NL-3-FG3","NL","SL18-NC-9-MG2","NC","SL18-NL-3-FG3xSL18-NC-9-MG2","NL X NC","3",1,"4",33,"6",3,5.27,0.98,5.38,11.93,0.641466594,114,110,NA,NA,NA,NA,NA,43.04,10.84,NA,NA,NA,NA,NA,NA,NA,NA,NA,NA,NA,NA,0.3655886464,"ES","0","0"
"376","SL19-UCONN-S206",319,"2020","2020_206","GOM","206","6_9_2020","185",NA,"SL18-OI-6-FG3","OI","SL18-CC-11-MG5","CC","SL18-OI-6-FG3xSL18-CC-11-MG5","OI X CC","3",1,"4",34,"6",3,8.62,0.94,9.17,11.03,1.011867361,128,300,NA,NA,NA,NA,NA,41.96,11.06,NA,NA,NA,NA,NA,NA,NA,NA,NA,NA,NA,NA,0.5870461604,"ES","0","0"
"377","SL19-UCONN-S207",320,"2020","2020_207","GOM","207","6_9_2020","185",NA,"SL18-CC-8-FG1","CC","SL18-OI-7-MG1","OI","SL18-CC-8-FG1xSL18-OI-7-MG1","CC X OI","3",1,"4",35,"6",2,0.82,1.01,0.81,9.31,0.075510606,35,50,NA,NA,NA,NA,NA,40.34,11.1,NA,NA,NA,NA,NA,NA,NA,NA,NA,NA,NA,NA,0.0449902026,"ES","0","0"
"378","SL19-UCONN-S208",321,"2020","2020_208","GOM","208","6_9_2020","185",NA,"SL18-JS-5-FG1","JS","SL18-OI-14-MG1","OI","SL18-JS-5-FG1xSL18-OI-14-MG1","JS X OI","1",1,"4",36,"6",2,0.17,0.97,0.18,11.24,0.019950677,NA,10,NA,NA,NA,NA,NA,NA,NA,NA,NA,NA,NA,NA,NA,NA,NA,NA,NA,NA,NA,NA,"ES","0","0"
"20","SL19-UCONN-S210",324,"2020","2020_210","GOM","210","6_9_2020","185",NA,"SL18-NC-10-FG1","NC","SL18-OI-11-MG4","OI","SL18-NC-10-FG1xSL18-OI-11-MG4","NC X OI","1",1,"4",38,"7",2,1.1,1.22,0.91,12.89,0.116699363,50,60,NA,NA,NA,NA,NA,43.08,13.07,NA,NA,15.41,NA,NA,NA,6.76,0.91,6.22,0.28,0.47,0.77,0.0667665908,"ES","0","0"
"383","SL19-UCONN-S213",327,"2020","2020_213","GOM","213","6_9_2020","185",NA,"SL18-SF-17-FG2","SF","SA18-CB-7-MG2","CB","SL18-SF-17-FG2xSA18-CB-7-MG2","SF X CB","3",1,"4",41,"7",3,5.24,0.98,5.35,11.89,0.635797122,NA,160,NA,NA,NA,NA,NA,NA,NA,NA,NA,NA,NA,NA,NA,NA,NA,NA,NA,NA,NA,NA,"ES","0","0"
"385","SL19-UCONN-S215",329,"2020","2020_215","GOM","215","6_9_2020","185",NA,"SL18-CC-9-FG3","CC","SL18-JS-9-MG3","JS","SL18-CC-9-FG3xSL18-JS-9-MG3","CC X JS","1",1,"4",43,"8",2,0.61,0.955,0.64,13.16,0.084498909,40,50,NA,NA,NA,NA,NA,42.32,11.75,NA,NA,NA,NA,NA,NA,NA,NA,NA,NA,NA,NA,0.0485804032,"ES","0","0"
"389","SL19-UCONN-S219",333,"2020","2020_219","GOM","219","6_9_2020","185",NA,"SL18-CC-5-FG2","CC","SL18-NC-10-MG2","NC","SL18-CC-5-FG2xSL18-NC-10-MG2","CC X NC","3",1,"4",48,"8",3,1.76,1.025,1.72,13.23,0.226865114,NA,180,NA,NA,NA,NA,NA,NA,NA,NA,NA,NA,NA,NA,NA,NA,NA,NA,NA,NA,NA,NA,"ES","0","0"
"391","SL19-UCONN-S220",335,"2020","2020_220","GOM","220","6_9_2020","185",NA,"SL18-OI-11-FG3","OI","SL18-NC-2-MG1","NC","SL18-OI-11-FG3xSL18-NC-2-MG1","OI X NC","3",1,"4",49,"9",3,7.92,1.01,7.84,12.46,0.976864551,124,170,NA,NA,NA,NA,NA,43.91,12.14,NA,NA,NA,NA,NA,NA,NA,NA,NA,NA,NA,NA,0.5479230176,"ES","0","0"
"392","SL19-UCONN-S221",336,"2020","2020_221","GOM","221","6_9_2020","185",NA,"SL18-NC-9-FG2","NC","SL18-JS-11-MG3","JS","SL18-NC-9-FG2xSL18-JS-11-MG3","NC X JS","1",1,"4",50,"9",2,1.05,0.99,1.06,15.37,0.163135424,NA,100,NA,NA,NA,NA,NA,NA,NA,NA,NA,NA,NA,NA,NA,NA,NA,NA,NA,NA,NA,NA,"ES","0","0"
"395","SL19-UCONN-S224",339,"2020","2020_224","GOM","224","6_9_2020","185",NA,"SL18-LD-9-FG4","LD","SL18-OI-6-MG2","OI","SL18-LD-9-FG4xSL18-OI-6-MG2","LD X OI","3",1,"4",53,"9",3,3.81,1,3.81,12.58,0.479252814,113,210,NA,NA,NA,NA,NA,33.2,11.67,NA,NA,NA,NA,NA,NA,NA,NA,NA,NA,NA,NA,0.320171064,"ES","0","0"
"397","SL19-UCONN-S226",341,"2020","2020_226","GOM","226","6_9_2020","185",NA,"SL18-CC-3-FG2","CC","SL18-OI-11-MG3","OI","SL18-CC-3-FG2xSL18-OI-11-MG3","CC X OI","3",1,"4",55,"10",3,2.53,0.99,2.56,13.5,0.344977353,NA,120,NA,NA,NA,NA,NA,NA,NA,NA,NA,NA,NA,NA,NA,NA,NA,NA,NA,NA,NA,NA,"ES","0","0"
"399","SL19-UCONN-S228",343,"2020","2020_228","GOM","228","6_9_2020","185",NA,"SL18-OI-9-FG4","OI","SA18-CB-1-MG12","CB","SL18-OI-9-FG4xSA18-CB-1-MG12","OI X CB","3",1,"4",57,"10",3,5.26,0.98,5.37,16.67,0.895148854,130,110,NA,NA,NA,NA,NA,30.32,11.83,NA,NA,NA,NA,NA,NA,NA,NA,NA,NA,NA,NA,0.6237607272,"ES","0","0"
"401","SL19-UCONN-S23",345,"2020","2020_23","GOM","23","6_9_2020","185",NA,"SL18-CC-3-FG2","CC","SA18-CB-4-MG2","CB","SL18-CC-3-FG2xSA18-CB-4-MG2","CC X CB","3",1,"1",26,"5",2,1.5,0.99,1.52,13.37,0.202603383,NA,150,NA,NA,NA,NA,NA,NA,NA,NA,NA,NA,NA,NA,NA,NA,NA,NA,NA,NA,NA,NA,"ES","0","0"
"404","SL19-UCONN-S232",348,"2020","2020_232","GOM","232","6_9_2020","185",NA,"SL18-NC-5-FG2","NC","SL18-JS-11-MG3","JS","SL18-NC-5-FG2xSL18-JS-11-MG3","NC X JS","2",1,"4",62,"11",2,0.13,0.93,0.15,10.46,0.015173946,NA,10,NA,NA,NA,NA,NA,NA,NA,NA,NA,NA,NA,NA,NA,NA,NA,NA,NA,NA,NA,NA,"ES","0","0"
"405","SL19-UCONN-S233",349,"2020","2020_233","GOM","233","6_9_2020","185",NA,"SL18-CC-8-FG1","CC","SL18-OI-18-MG3","OI","SL18-CC-8-FG1xSL18-OI-18-MG3","CC X OI","3",1,"5",1,"1",3,2.43,0.894,2.72,13.59,0.368921013,NA,200,NA,NA,NA,NA,NA,NA,NA,NA,NA,NA,NA,NA,NA,NA,NA,NA,NA,NA,NA,NA,"ES","0","0"
"407","SL19-UCONN-S235",351,"2020","2020_235","GOM","235","6_9_2020","185",NA,"SL18-CC-6-FG3","CC","SL18-JS-9-MG2","JS","SL18-CC-6-FG3xSL18-JS-9-MG2","CC X JS","3",1,"5",3,"1",2,1.58,0.92,1.71,10.66,0.182633664,NA,120,NA,NA,NA,NA,NA,NA,NA,NA,NA,NA,NA,NA,NA,NA,NA,NA,NA,NA,NA,NA,"ES","0","0"
"412","SL19-UCONN-S24",356,"2020","2020_24","GOM","24","6_9_2020","185",NA,"SL18-NL-7-FG4","NL","SA18-CB-1-MG12","CB","SL18-NL-7-FG4xSA18-CB-1-MG12","NL X CB","2",1,"1",27,"5",2,0.52,0.925,0.56,13.28,0.073979465,38,120,NA,NA,NA,NA,NA,36.63,11.62,NA,NA,NA,NA,NA,NA,NA,NA,NA,NA,NA,NA,0.0471270016,"ES","0","0"
"413","SL19-UCONN-S240",357,"2020","2020_240","GOM","240","6_9_2020","185",NA,"SL18-CC-1-FG1","CC","SL18-NC-15-MG3","NC","SL18-CC-1-FG1xSL18-NC-15-MG3","CC X NC","3",1,"5",8,"2",3,5.91,1,5.91,12.53,0.740682368,117,880,NA,NA,NA,NA,NA,43.49,11.29,NA,NA,NA,NA,NA,NA,NA,NA,NA,NA,NA,NA,0.4184695473,"ES","0","0"
"417","SL19-UCONN-S244",361,"2020","2020_244","GOM","244","6_9_2020","185",NA,"SL18-CC-1-FG1","CC","SL18-CC-4-MG11","CC","SL18-CC-1-FG1xSL18-CC-4-MG11","CC X CC","2",1,"5",12,"2",3,2.97,1,2.97,11.61,0.344700631,NA,160,NA,NA,NA,NA,NA,NA,NA,NA,NA,NA,NA,NA,NA,NA,NA,NA,NA,NA,NA,NA,"ES","1","0"
"419","SL19-UCONN-S246",363,"2020","2020_246","GOM","246","6_9_2020","185",NA,"SL18-CC-5-FG2","CC","SL18-NC-9-MG2","NC","SL18-CC-5-FG2xSL18-NC-9-MG2","CC X NC","1",1,"5",14,"3",3,1.48,0.925,1.59,12.92,0.206048658,NA,210,NA,NA,NA,NA,NA,NA,NA,NA,NA,NA,NA,NA,NA,NA,NA,NA,NA,NA,NA,NA,"ES","0","0"
"421","SL19-UCONN-S248",365,"2020","2020_248","GOM","248","6_9_2020","185",NA,"SA18-CB-9-FG1","CB","SL18-JS-19-MG1","JS","SA18-CB-9-FG1xSL18-JS-19-MG1","CB X JS","3",1,"5",16,"3",3,6.32,0.997,6.34,13.53,0.857575582,121,150,NA,NA,NA,NA,NA,43.67,12.69,NA,NA,NA,NA,NA,NA,NA,NA,NA,NA,NA,NA,0.4831998666,"ES","0","0"
"422","SL19-UCONN-S249",366,"2020","2020_249","GOM","249","6_9_2020","185",NA,"SL18-NL-3-FG1","NL","SL18-OD-3-MG1","OD","SL18-NL-3-FG1xSL18-OD-3-MG1","NL X OD","2",1,"5",17,"3",3,0.8,1.03,0.77,12.39,0.096011073,NA,120,NA,NA,NA,NA,NA,NA,NA,NA,NA,NA,NA,NA,NA,NA,NA,NA,NA,NA,NA,NA,"ES","0","0"
"423","SL19-UCONN-S25",367,"2020","2020_25","GOM","25","6_9_2020","185",NA,"SL18-CC-5-FG3","CC","SA18-CB-1-MG12","CB","SL18-CC-5-FG3xSA18-CB-1-MG12","CC X CB","3",1,"1",28,"5",3,2.25,1.07,2.1,11.47,0.240570651,NA,70,NA,NA,NA,NA,NA,NA,NA,NA,NA,NA,NA,NA,NA,NA,NA,NA,NA,NA,NA,NA,"ES","0","0"
"424","SL19-UCONN-S250",368,"2020","2020_250","GOM","250","6_9_2020","185",NA,"SL18-CC-8-FG2","CC","SL18-NC-5-MG3","NC","SL18-CC-8-FG2xSL18-NC-5-MG3","CC X NC","1",1,"5",18,"3",2,0.34,1.04,0.32,8.9,0.02886746,NA,120,NA,NA,NA,NA,NA,NA,NA,NA,NA,NA,NA,NA,NA,NA,NA,NA,NA,NA,NA,NA,"ES","0","0"
"429","SL19-UCONN-S255",373,"2020","2020_255","GOM","255","6_9_2020","185",NA,"SL18-CC-6-FG3","CC","SL18-OI-14-MG2","OI","SL18-CC-6-FG3xSL18-OI-14-MG2","CC X OI","3",1,"5",23,"4",2,0.78,0.86,0.91,13.02,0.11803921,51,30,NA,NA,NA,NA,NA,42.74,12.17,NA,NA,NA,NA,NA,NA,NA,NA,NA,NA,NA,NA,0.0678427932,"ES","0","0"
"432","SL19-UCONN-S258",376,"2020","2020_258","GOM","258","6_9_2020","185",NA,"SL18-NC-12-FG2","NC","SA18-CB-3-MG1","CB","SL18-NC-12-FG2xSA18-CB-3-MG1","NC X CB","3",1,"5",26,"5",3,2.72,0.99,2.75,13.79,0.379091481,NA,230,NA,NA,NA,NA,NA,NA,NA,NA,NA,NA,NA,NA,NA,NA,NA,NA,NA,NA,NA,NA,"ES","0","0"
"433","SL19-UCONN-S259",377,"2020","2020_259","GOM","259","6_9_2020","185",NA,"SL18-CC-3-FG3","CC","SL18-OD-6-MG3","OD","SL18-CC-3-FG3xSL18-OD-6-MG3","CC X OD","3",1,"5",27,"5",3,4.61,0.96,4.81,11.72,0.563352197,NA,130,NA,NA,NA,NA,NA,NA,NA,NA,NA,NA,NA,NA,NA,NA,NA,NA,NA,NA,NA,NA,"ES","0","0"
"434","SL19-UCONN-S26",378,"2020","2020_26","GOM","26","6_9_2020","185",NA,"SL18-CC-6-FG2","CC","SL18-OI-14-MG1","OI","SL18-CC-6-FG2xSL18-OI-14-MG1","CC X OI","3",1,"1",29,"5",3,2.12,1,2.12,11,0.233120687,NA,130,NA,NA,NA,NA,NA,NA,NA,NA,NA,NA,NA,NA,NA,NA,NA,NA,NA,NA,NA,NA,"ES","0","0"
"435","SL19-UCONN-S260",379,"2020","2020_260","GOM","260","6_9_2020","185",NA,"SL18-JS-19-FG3","JS","SA18-CB-3-MG2","CB","SL18-JS-19-FG3xSA18-CB-3-MG2","JS X CB","3",1,"5",28,"5",2,0.31,1.011,0.31,10.52,0.032183786,NA,130,NA,NA,NA,NA,NA,NA,NA,NA,NA,NA,NA,NA,NA,NA,NA,NA,NA,NA,NA,NA,"ES","0","0"
"436","SL19-UCONN-S261",380,"2020","2020_261","GOM","261","6_9_2020","185",NA,"SL18-NC-12-FG2","NC","SL18-NL-5-MG2","NL","SL18-NC-12-FG2xSL18-NL-5-MG2","NC X NL","3",1,"5",30,"5",2,1.05,0.975,NA,NA,NA,NA,240,NA,NA,NA,NA,NA,NA,NA,NA,NA,NA,NA,NA,NA,NA,NA,NA,NA,NA,NA,NA,"ES","0","0"
"438","SL19-UCONN-S263",382,"2020","2020_263","GOM","263","6_9_2020","185",NA,"SL18-JS-5-FG1","JS","SA18-CB-1-MG12","CB","SL18-JS-5-FG1xSA18-CB-1-MG12","JS X CB","3",1,"5",32,"6",2,0.79,1,0.79,9.25,0.073085831,32,140,NA,NA,NA,NA,NA,40.83,11.26,NA,NA,NA,NA,NA,NA,NA,NA,NA,NA,NA,NA,0.0432384775,"ES","0","0"
"439","SL19-UCONN-S264",383,"2020","2020_264","GOM","264","6_9_2020","185",NA,"SL18-JS-16-FG3","JS","SA18-CB-4-MG3","CB","SL18-JS-16-FG3xSA18-CB-4-MG3","JS X CB","3",1,"5",33,"6",2,0.93,0.92,1.01,9.87,0.099304978,44,130,NA,NA,NA,NA,NA,42.7,12.79,NA,NA,NA,NA,NA,NA,NA,NA,NA,NA,NA,NA,0.057120651,"ES","0","0"
"440","SL19-UCONN-S265",384,"2020","2020_265","GOM","265","6_9_2020","185",NA,"SL18-OI-4-FG2","OI","SA18-CB-7-MG2","CB","SL18-OI-4-FG2xSA18-CB-7-MG2","OI X CB","2",1,"5",34,"6",3,10.54,0.87,12.11,16.67,2.019239106,141,630,NA,NA,NA,NA,NA,45.01,12.61,NA,NA,NA,NA,NA,NA,NA,NA,NA,NA,NA,NA,1.1101034763,"ES","0","0"
"443","SL19-UCONN-S268",387,"2020","2020_268","GOM","268","6_9_2020","185",NA,"SL18-NC-1-FG1","NC","SL18-NC-12-MG3","NC","SL18-NC-1-FG1xSL18-NC-12-MG3","NC X NC","3",1,"5",37,"7",3,1,1,1,9.97,0.09967743,45,170,NA,NA,NA,NA,NA,41.57,10.81,NA,NA,NA,NA,NA,NA,NA,NA,NA,NA,NA,NA,0.05825471,"ES","1","0"
"447","SL19-UCONN-S271",391,"2020","2020_271","GOM","271","6_9_2020","185",NA,"SL18-NC-15-FG3","NC","SL18-CC-1-MG2","CC","SL18-NC-15-FG3xSL18-CC-1-MG2","NC X CC","1",1,"5",40,"7",3,0.91,0.92,0.98,10.2,0.100402733,43,90,NA,NA,NA,NA,NA,45.48,10,NA,NA,NA,NA,NA,NA,NA,NA,NA,NA,NA,NA,0.054498192,"ES","0","0"
"448","SL19-UCONN-S272",392,"2020","2020_272","GOM","272","6_9_2020","185",NA,"SL18-SF-17-FG2","SF","SL18-NC-12-MG1","NC","SL18-SF-17-FG2xSL18-NC-12-MG1","SF X NC","3",1,"5",41,"7",3,4.21,0.97,4.34,11.69,0.507413109,NA,200,NA,NA,NA,NA,NA,NA,NA,NA,NA,NA,NA,NA,NA,NA,NA,NA,NA,NA,NA,NA,"ES","0","0"
"449","SL19-UCONN-S273",393,"2020","2020_273","GOM","273","6_9_2020","185",NA,"SL18-CC-5-FG2","CC","SL18-NC-10-MG2","NC","SL18-CC-5-FG2xSL18-NC-10-MG2","CC X NC","3",1,"5",43,"8",3,3.19,0.95,3.36,11.53,0.387601637,NA,210,NA,NA,NA,NA,NA,NA,NA,NA,NA,NA,NA,NA,NA,NA,NA,NA,NA,NA,NA,NA,"ES","0","0"
"451","SL19-UCONN-S275",395,"2020","2020_275","GOM","275","6_9_2020","185",NA,"SL18-NL-3-FG1","NL","SA18-CB-7-MG2","CB","SL18-NL-3-FG1xSA18-CB-7-MG2","NL X CB","3",1,"5",45,"8",2,0.58,1,0.58,8.44,0.04892366,NA,250,NA,NA,NA,NA,NA,NA,NA,NA,NA,NA,NA,NA,NA,NA,NA,NA,NA,NA,NA,NA,"ES","0","0"
"453","SL19-UCONN-S277",397,"2020","2020_277","GOM","277","6_9_2020","185",NA,"SL18-LL-9-FG2","LL","SA18-CB-5-MG3","CB","SL18-LL-9-FG2xSA18-CB-5-MG3","LL X CB","1",1,"5",47,"8",2,0.28,0.983,0.29,11.03,0.03154006,8,70,NA,NA,NA,NA,NA,30.74,12.79,NA,NA,NA,NA,NA,NA,NA,NA,NA,NA,NA,NA,0.0221541962,"ES","0","0"
"2","SL19-UCONN-S278",398,"2020","2020_278","GOM","278","6_9_2020","185",NA,"SL18-SF-17-FG2","SF","SA18-CB-7-MG3","CB","SL18-SF-17-FG2xSA18-CB-7-MG3","SF X CB","3",1,"5",48,"8",3,15.75,1.06,14.85,11.64,1.729189987,139,310,28.41,3.66,1.15,0.62,27.85,38.3,11.32,"11.05*","10.25*",7.77,NA,NA,NA,0,0,6.43,0.28,0.39,0.67,1.06650918,"ES","0","0"
"38","SL19-UCONN-S279",399,"2020","2020_279","GOM","279","6_9_2020","185",NA,"SA18-CB-4-FG6","CB","SL18-JS-6-MG3","JS","SA18-CB-4-FG6xSL18-JS-6-MG3","CB X JS","3",1,"5",49,"9",3,8.38,0.99,8.47,13.64,1.154265069,134,120,NA,NA,NA,NA,NA,39.57,12.11,NA,NA,22.42,NA,NA,NA,14.32,0.53,6.37,0.22,0.34,0.59,0.6981526244,"ES","0","0"
"458","SL19-UCONN-S283",404,"2020","2020_283","GOM","283","6_9_2020","185",NA,"SL18-CC-3-FG1","CC","SL18-JS-11-MG2","JS","SL18-CC-3-FG1xSL18-JS-11-MG2","CC X JS","3",1,"5",54,"9",2,0.39,0.96,0.41,11.49,0.047017142,23,0,NA,NA,NA,NA,NA,29.37,12.93,NA,NA,NA,NA,NA,NA,NA,NA,NA,NA,NA,NA,0.0332730867,"ES","0","0"
"466","SL19-UCONN-S290",412,"2020","2020_290","GOM","290","6_9_2020","185",NA,"SA18-CB-5-FG6","CB","SL18-CC-6-MG2","CC","SA18-CB-5-FG6xSL18-CC-6-MG2","CB X CC","3",1,"5",61,"11",3,3.98,0.96,4.15,13.14,0.544987778,NA,40,NA,NA,NA,NA,NA,NA,NA,NA,NA,NA,NA,NA,NA,NA,NA,NA,NA,NA,NA,NA,"ES","0","0"
"477","SL19-UCONN-S30",423,"2020","2020_30","GOM","30","6_9_2020","185",NA,"SL18-JS-19-FG3","JS","SL18-OI-17-MG1","OI","SL18-JS-19-FG3xSL18-OI-17-MG1","JS X OI","1",1,"1",34,"6",2,1.14,0.928,1.23,13.55,0.166598482,NA,0,NA,NA,NA,NA,NA,NA,NA,NA,NA,NA,NA,NA,NA,NA,NA,NA,NA,NA,NA,NA,"ES","0","0"
"519","SL19-UCONN-S34",467,"2020","2020_34","GOM","34","6_9_2020","185",NA,"SL18-OI-17-FG4","OI","SL18-CC-7-MG1","CC","SL18-OI-17-FG4xSL18-CC-7-MG1","OI X CC","3",1,"1",38,"7",3,7.11,1.037,6.85,10.79,0.739377608,115,200,NA,NA,NA,NA,NA,48.18,10.35,NA,NA,NA,NA,NA,NA,NA,NA,NA,NA,NA,NA,0.383009393,"ES","0","0"
"529","SL19-UCONN-S35",478,"2020","2020_35","GOM","35","6_9_2020","185",NA,"SL18-OI-17-FG1","OI","SL18-OI-4-MG1","OI","SL18-OI-17-FG1xSL18-OI-4-MG1","OI X OI","3",1,"1",39,"7",2,1.38,0.97,1.42,12.73,0.181415223,NA,100,NA,NA,NA,NA,NA,NA,NA,NA,NA,NA,NA,NA,NA,NA,NA,NA,NA,NA,NA,NA,"ES","1","0"
"557","SL19-UCONN-S42",507,"2020","2020_42","GOM","42","6_9_2020","185",NA,"SL18-CC-6-FG2","CC","SL18-OI-11-MG4","OI","SL18-CC-6-FG2xSL18-OI-11-MG4","CC X OI","3",1,"1",46,"8",3,3.62,1.035,3.5,11.7,0.40888204,NA,110,NA,NA,NA,NA,NA,NA,NA,NA,NA,NA,NA,NA,NA,NA,NA,NA,NA,NA,NA,NA,"ES","0","0"
"558","SL19-UCONN-S43",508,"2020","2020_43","GOM","43","6_9_2020","185",NA,"SL18-JS-9-FG3","JS","SA18-CB-10-MG1","CB","SL18-JS-9-FG3xSA18-CB-10-MG1","JS X CB","1",1,"1",47,"8",2,0.74,0.99,0.75,12.41,0.092820179,46,0,NA,NA,NA,NA,NA,37.06,11.23,NA,NA,NA,NA,NA,NA,NA,NA,NA,NA,NA,NA,0.058581405,"ES","0","0"
"559","SL19-UCONN-S44",509,"2020","2020_44","GOM","44","6_9_2020","185",NA,"SL18-OI-6-FG3","OI","SL18-JS-6-MG1","JS","SL18-OI-6-FG3xSL18-JS-6-MG1","OI X JS","1",1,"1",48,"8",2,1.57,0.997,1.57,36.63,0.576919238,NA,20,NA,NA,NA,NA,NA,NA,NA,NA,NA,NA,NA,NA,NA,NA,NA,NA,NA,NA,NA,NA,"ES","0","0"
"560","SL19-UCONN-S45",510,"2020","2020_45","GOM","45","6_9_2020","185",NA,"SL18-SF-13-FG2","SF","SL18-JS-11-MG3","JS","SL18-SF-13-FG2xSL18-JS-11-MG3","SF X JS","3",1,"1",49,"9",3,7,1.03,6.79,12.17,0.826645737,123,220,NA,NA,NA,NA,NA,38.83,9.21,NA,NA,NA,NA,NA,NA,NA,NA,NA,NA,NA,NA,0.5054740131,"ES","0","0"
"561","SL19-UCONN-S46",511,"2020","2020_46","GOM","46","6_9_2020","185",NA,"SL18-JS-19-FG3","JS","SL18-LD-13-MG3","LD","SL18-JS-19-FG3xSL18-LD-13-MG3","JS X LD","1",1,"1",50,"9",2,1.65,0.937,1.77,13.67,0.241280563,NA,30,NA,NA,NA,NA,NA,NA,NA,NA,NA,NA,NA,NA,NA,NA,NA,NA,NA,NA,NA,NA,"ES","0","0"
"32","SL19-UCONN-S53",519,"2020","2020_53","GOM","53","6_9_2020","185",NA,"SA18-CB-2-FG3","CB","SL18-CC-2-MG5","CC","SA18-CB-2-FG3xSL18-CC-2-MG5","CB X CC","2",1,"1",58,"10",3,13.37,0.972,13.76,10.23,1.407620503,136,110,27.61,3.51,1.47,0.7,25.99,40.71,10.68,"10.65*","9.88*",20.35,NA,NA,NA,11.66,0.9,6.14,0.31,0.42,0.86,0.8345944992,"ES","0","0"
"571","SL19-UCONN-S56",522,"2020","2020_56","GOM","56","6_9_2020","185",NA,"SA18-CB-9-FG1","CB","SL18-OI-7-MG3","OI","SA18-CB-9-FG1xSL18-OI-7-MG3","CB X OI","3",1,"1",62,"11",3,7.05,1.02,6.91,15.74,1.087371821,135,150,30.17,4.31,1.11,0.47,31.14,32.8,9.75,"12.16*","11.21*",NA,NA,NA,NA,NA,NA,NA,NA,NA,NA,0.730890048,"ES","0","0"
"572","SL19-UCONN-S57",523,"2020","2020_57","GOM","57","6_9_2020","185",NA,"SL18-CC-3-FG1","CC","SL18-OI-16-MG2","OI","SL18-CC-3-FG1xSL18-OI-16-MG2","CC X OI","3",1,"1",63,"11",2,1.62,0.86,1.88,16.81,0.316584317,NA,150,NA,NA,NA,NA,NA,NA,NA,NA,NA,NA,NA,NA,NA,NA,NA,NA,NA,NA,NA,NA,"ES","0","0"
"573","SL19-UCONN-S58",524,"2020","2020_58","GOM","58","6_9_2020","185",NA,"SL18-CC-8-FG1","CC","SL18-NC-8-MG2","NC","SL18-CC-8-FG1xSL18-NC-8-MG2","CC X NC","3",1,"2",1,"1",2,0.46,0.845,0.55,12.55,0.068428155,33,70,NA,NA,NA,NA,NA,35.47,12.67,NA,NA,NA,NA,NA,NA,NA,NA,NA,NA,NA,NA,0.0445418325,"ES","0","0"
"25","SL19-UCONN-S63",530,"2020","2020_63","GOM","63","6_9_2020","185",NA,"SL18-SF-13-FG2","SF","SA18-CB-2-MG3","CB","SL18-SF-13-FG2xSA18-CB-2-MG3","SF X CB","3",1,"2",6,"1",3,9.46,1.02,9.27,12.24,1.135354404,131,180,NA,NA,NA,NA,NA,43.35,11.49,NA,NA,17.48,NA,NA,NA,8.5,0.68,6.87,0.32,0.4,0.72,0.642778092,"ES","0","0"
"581","SL19-UCONN-S66",533,"2020","2020_66","GOM","66","6_9_2020","185",NA,"SL18-SF-13-FG2","SF","SL18-JS-9-MG2","JS","SL18-SF-13-FG2xSL18-JS-9-MG2","SF X JS","2",1,"2",9,"2",3,3.96,0.98,4.04,12.35,0.499327512,NA,250,NA,NA,NA,NA,NA,NA,NA,NA,NA,NA,NA,NA,NA,NA,NA,NA,NA,NA,NA,NA,"ES","0","0"
"582","SL19-UCONN-S67",534,"2020","2020_67","GOM","67","6_9_2020","185",NA,"SL18-JS-19-FG2","JS","SA18-CB-10-MG3","CB","SL18-JS-19-FG2xSA18-CB-10-MG3","JS X CB","2",1,"2",10,"2",3,1.37,0.95,1.45,12.99,0.187770305,NA,50,NA,NA,NA,NA,NA,NA,NA,NA,NA,NA,NA,NA,NA,NA,NA,NA,NA,NA,NA,NA,"ES","0","0"
"583","SL19-UCONN-S68",535,"2020","2020_68","GOM","68","6_9_2020","185",NA,"SL18-CC-6-FG1","CC","SL18-JS-5-MG2","JS","SL18-CC-6-FG1xSL18-JS-5-MG2","CC X JS","2",1,"2",11,"2",2,0.44,1.08,0.41,10.88,0.044764563,NA,160,NA,NA,NA,NA,NA,NA,NA,NA,NA,NA,NA,NA,NA,NA,NA,NA,NA,NA,NA,NA,"ES","0","0"
"593","SL19-UCONN-S77",545,"2020","2020_77","GOM","77","6_9_2020","185",NA,"SL18-CC-12-FG2","CC","SL18-LL-9-MG4","LL","SL18-CC-12-FG2xSL18-LL-9-MG4","CC X LL","3",1,"2",22,"4",3,7.6,0.89,8.54,10.66,0.910135569,120,440,NA,NA,NA,NA,NA,50.9,11.08,NA,NA,NA,NA,NA,NA,NA,NA,NA,NA,NA,NA,0.446988724,"ES","0","0"
"594","SL19-UCONN-S78",546,"2020","2020_78","GOM","78","6_9_2020","185",NA,"SL18-NL-3-FG1","NL","SL18-OI-7-MG3","OI","SL18-NL-3-FG1xSL18-OI-7-MG3","NL X OI","3",1,"2",23,"4",3,2.31,1.02,2.26,8.98,0.203222777,NA,100,NA,NA,NA,NA,NA,NA,NA,NA,NA,NA,NA,NA,NA,NA,NA,NA,NA,NA,NA,NA,"ES","0","0"
"602","SL19-UCONN-S85",554,"2020","2020_85","GOM","85","6_9_2020","185",NA,"SL18-NL-5-FG1","NL","SL18-OI-14-MG1","OI","SL18-NL-5-FG1xSL18-OI-14-MG1","NL X OI","2",1,"2",30,"5",2,1.39,1.03,1.35,13.39,0.180404521,NA,80,NA,NA,NA,NA,NA,NA,NA,NA,NA,NA,NA,NA,NA,NA,NA,NA,NA,NA,NA,NA,"ES","0","0"
"604","SL19-UCONN-S87",556,"2020","2020_87","GOM","87","6_9_2020","185",NA,"SL18-NC-8-FG1","NC","SL18-NL-7-MG2","NL","SL18-NC-8-FG1xSL18-NL-7-MG2","NC X NL","1",1,"2",33,"6",2,1.25,1.03,1.21,17.7,0.214393172,NA,70,NA,NA,NA,NA,NA,NA,NA,NA,NA,NA,NA,NA,NA,NA,NA,NA,NA,NA,NA,NA,"ES","0","0"
"605","SL19-UCONN-S88",557,"2020","2020_88","GOM","88","6_9_2020","185",NA,"SL18-JS-5-FG2","JS","SL18-OI-5-MG3","OI","SL18-JS-5-FG2xSL18-OI-5-MG3","JS X OI","1",1,"2",34,"6",2,0.52,1.001,0.52,12.87,0.066847096,30,60,NA,NA,NA,NA,NA,38.62,10.98,NA,NA,NA,NA,NA,NA,NA,NA,NA,NA,NA,NA,0.0410779512,"ES","0","0"
"608","SL19-UCONN-S90",560,"2020","2020_90","GOM","90","6_9_2020","185",NA,"SL18-CC-10-FG4","CC","SL18-NC-2-MG2","NC","SL18-CC-10-FG4xSL18-NC-2-MG2","CC X NC","3",1,"2",36,"6",3,4.75,0.97,4.9,14.7,0.720187772,118,130,NA,NA,NA,NA,NA,39.99,10.81,NA,NA,NA,NA,NA,NA,NA,NA,NA,NA,NA,NA,0.43225203,"ES","0","0"
"609","SL19-UCONN-S91",561,"2020","2020_91","GOM","91","6_9_2020","185",NA,"SL18-NC-5-FG3","NC","SL18-OI-2-MG2","OI","SL18-NC-5-FG3xSL18-OI-2-MG2","NC X OI","3",1,"2",37,"7",3,1.82,1.005,1.81,10.75,0.194644302,NA,210,NA,NA,NA,NA,NA,NA,NA,NA,NA,NA,NA,NA,NA,NA,NA,NA,NA,NA,NA,NA,"ES","0","0"
"22","SL19-UCONN-S92",562,"2020","2020_92","GOM","92","6_9_2020","185",NA,"SL18-OI-16-FG2","OI","SL18-OI-18-MG1","OI","SL18-OI-16-FG2xSL18-OI-18-MG1","OI X OI","3",1,"2",38,"7",3,1.14,1,1.14,11.49,0.131013916,54,120,NA,NA,NA,NA,NA,45.12,11.13,NA,NA,16.55,NA,NA,NA,9.05,1.21,6.04,0.25,0,0,0.0718851168,"ES","1","0"
"610","SL19-UCONN-S93",563,"2020","2020_93","GOM","93","6_9_2020","185",NA,"SL18-CC-1-FG2","CC","SL18-NC-11-MG2","NC","SL18-CC-1-FG2xSL18-NC-11-MG2","CC X NC","3",1,"2",40,"7",3,2.42,0.94,2.58,11.07,0.285495162,NA,170,NA,NA,NA,NA,NA,NA,NA,NA,NA,NA,NA,NA,NA,NA,NA,NA,NA,NA,NA,NA,"ES","0","0"
"612","SL19-UCONN-S95",565,"2020","2020_95","GOM","95","6_9_2020","185",NA,"SL18-CC-12-FG3","CC","SL18-NC-11-MG2","NC","SL18-CC-12-FG3xSL18-NC-11-MG2","CC X NC","3",1,"2",42,"7",3,2.08,0.93,2.24,11.56,0.259227887,NA,190,NA,NA,NA,NA,NA,NA,NA,NA,NA,NA,NA,NA,NA,NA,NA,NA,NA,NA,NA,NA,"ES","0","0"
"613","SL19-UCONN-S96",566,"2020","2020_96","GOM","96","6_9_2020","185",NA,"SA18-CB-7-FG1","CB","SL18-LD-1-MG1","LD","SA18-CB-7-FG1xSL18-LD-1-MG1","CB X LD","3",1,"2",43,"8",2,1.66,0.915,1.81,14.42,0.260960484,NA,60,NA,NA,NA,NA,NA,NA,NA,NA,NA,NA,NA,NA,NA,NA,NA,NA,NA,NA,NA,NA,"ES","0","0"
"616","SL19-UCONN-S99",569,"2020","2020_99","GOM","99","6_9_2020","185",NA,"SL18-NC-10-FG3","NC","SA18-CB-3-MG2","CB","SL18-NC-10-FG3xSA18-CB-3-MG2","NC X CB","1",1,"2",46,"8",2,0.61,1.01,0.6,0.56,0.003396366,NA,130,NA,NA,NA,NA,NA,NA,NA,NA,NA,NA,NA,NA,NA,NA,NA,NA,NA,NA,NA,NA,"ES","0","0"
"43","Check",570,"2019","Z1-A","GOM","C1-A","5_29_2019","122",NA,"SL18-ME-1-FG1","ME","SL18-ME-1-MG1","ME","SL18-ME-1-FG1xSL18-ME-1-MG1","ME X ME","1",1,"2",47,"8",3,2.71,0.86,3.151162791,10.96,0.3,NA,480,NA,NA,NA,NA,NA,NA,NA,NA,NA,NA,NA,NA,NA,NA,NA,NA,NA,NA,NA,NA,"Z1","1","1"
"44","Check",571,"2019","Z1-B","GOM","C1-B","5_29_2019","122",NA,"SL18-ME-1-FG1","ME","SL18-ME-1-MG1","ME","SL18-ME-1-FG1xSL18-ME-1-MG1","ME X ME","1",1,"2",8,"2",3,2.09,0.56,3.732142857,13.88,0.29,NA,200,NA,NA,NA,NA,NA,NA,NA,NA,NA,NA,NA,NA,NA,NA,NA,NA,NA,NA,NA,NA,"Z1","1","1"
"45","Check",572,"2019","Z1-C","GOM","C1-C","5_29_2019","122",NA,"SL18-ME-1-FG1","ME","SL18-ME-1-MG1","ME","SL18-ME-1-FG1xSL18-ME-1-MG1","ME X ME","1",1,"2",22,"4",3,3.87,0.9,4.3,8.09,0.31,NA,480,NA,NA,NA,NA,NA,NA,NA,NA,NA,NA,NA,NA,NA,NA,NA,NA,NA,NA,NA,NA,"Z1","1","1"
"46","Check",573,"2019","Z1-D","GOM","C1-D","5_30_2019","122",NA,"SL18-ME-1-FG1","ME","SL18-ME-1-MG1","ME","SL18-ME-1-FG1xSL18-ME-1-MG1","ME X ME","2",1,"1",25,"5",3,1.15,0.85,1.352941176,9.1,0.1,NA,140,NA,NA,NA,NA,NA,NA,NA,NA,NA,NA,NA,NA,NA,NA,NA,NA,NA,NA,NA,NA,"Z1","1","1"
"47","Check",574,"2019","Z1-E","GOM","C1-E","5_30_2019","122",NA,"SL18-ME-1-FG1","ME","SL18-ME-1-MG1","ME","SL18-ME-1-FG1xSL18-ME-1-MG1","ME X ME","1",1,"1",45,"8",3,2.02,0.94,2.14893617,8.25,0.17,NA,260,NA,NA,NA,NA,NA,NA,NA,NA,NA,NA,NA,NA,NA,NA,NA,NA,NA,NA,NA,NA,"Z1","1","1"
"48","Check",575,"2019","Z1-F","GOM","C1-F","5_30_2019","122",NA,"SL18-ME-1-FG1","ME","SL18-ME-1-MG1","ME","SL18-ME-1-FG1xSL18-ME-1-MG1","ME X ME","2",1,"3",6,"1",3,4.41,0.87,5.068965517,9.31,0.41,NA,300,NA,NA,NA,NA,NA,NA,NA,NA,NA,NA,NA,NA,NA,NA,NA,NA,NA,NA,NA,NA,"Z1","1","1"
"49","Check",576,"2019","Z1-G","GOM","C1-G","5_31_2019","122",NA,"SL18-ME-1-FG1","ME","SL18-ME-1-MG1","ME","SL18-ME-1-FG1xSL18-ME-1-MG1","ME X ME","2",1,"4",32,"6",3,2.64,0.8,3.3,7.73,0.2,NA,240,NA,NA,NA,NA,NA,NA,NA,NA,NA,NA,NA,NA,NA,NA,NA,NA,NA,NA,NA,NA,"Z1","1","1"
"50","Check",577,"2019","Z1-H","GOM","C1-H","5_31_2019","122",NA,"SL18-ME-1-FG1","ME","SL18-ME-1-MG1","ME","SL18-ME-1-FG1xSL18-ME-1-MG1","ME X ME","2",1,"4",38,"7",3,3.67,0.84,4.369047619,10.2,0.37,NA,260,NA,NA,NA,NA,NA,NA,NA,NA,NA,NA,NA,NA,NA,NA,NA,NA,NA,NA,NA,NA,"Z1","1","1"
"51","Check",578,"2019","Z1-I","GOM","C1-I","5_31_2019","122",NA,"SL18-ME-1-FG1","ME","SL18-ME-1-MG1","ME","SL18-ME-1-FG1xSL18-ME-1-MG1","ME X ME","1",1,"4",49,"9",3,3.65,0.84,4.345238095,8.6,0.31,NA,420,NA,NA,NA,NA,NA,NA,NA,NA,NA,NA,NA,NA,NA,NA,NA,NA,NA,NA,NA,NA,"Z1","1","1"
"52","Check",579,"2019","Z1-J","GOM","C1-J","5_31_2019","122",NA,"SL18-ME-1-FG1","ME","SL18-ME-1-MG1","ME","SL18-ME-1-FG1xSL18-ME-1-MG1","ME X ME","1",1,"4",15,"3",3,2.34,0.71,3.295774648,9.37,0.22,NA,660,NA,NA,NA,NA,NA,NA,NA,NA,NA,NA,NA,NA,NA,NA,NA,NA,NA,NA,NA,NA,"Z1","1","1"
"53","Check",580,"2019","Z2-A","GOM","C2-A","5_29_2019","122",NA,"SL18-ME-1-FG1","ME","SL18-ME-2-MG2","ME","SL18-ME-1-FG1xSL18-ME-2-MG2","ME X ME","1",1,"2",18,"3",3,1.75,0.87,2.011494253,9.94,0.17,NA,240,NA,NA,NA,NA,NA,NA,NA,NA,NA,NA,NA,NA,NA,NA,NA,NA,NA,NA,NA,NA,"Z2","1","0"
"54","Check",581,"2019","Z2-B","GOM","C2-B","5_30_2019","122",NA,"SL18-ME-1-FG1","ME","SL18-ME-2-MG2","ME","SL18-ME-1-FG1xSL18-ME-2-MG2","ME X ME","1",1,"1",52,"9",3,1.56,0.89,1.752808989,10.44,0.16,NA,40,NA,NA,NA,NA,NA,NA,NA,NA,NA,NA,NA,NA,NA,NA,NA,NA,NA,NA,NA,NA,"Z2","1","0"
"42","Check",583,"2019","Z2-D","GOM","C2-D","5_30_2019","122",NA,"SL18-ME-1-FG1","ME","SL18-ME-2-MG2","ME","SL18-ME-1-FG1xSL18-ME-2-MG2","ME X ME","1",1,"3",28,"5",3,2.83,1.05,2.695238095,7.81,0.22,NA,160,NA,NA,NA,NA,NA,NA,NA,NA,NA,37.49,NA,NA,NA,22.55,0.62,12.91,0.19,0.46,0.7,NA,"Z2","1","0"
"56","Check",584,"2019","Z2-E","GOM","C2-E","5_31_2019","122",NA,"SL18-ME-1-FG1","ME","SL18-ME-2-MG2","ME","SL18-ME-1-FG1xSL18-ME-2-MG2","ME X ME","1",1,"3",40,"7",3,2.5,0.87,2.873563218,4.97,0.12,NA,200,NA,NA,NA,NA,NA,NA,NA,NA,NA,NA,NA,NA,NA,NA,NA,NA,NA,NA,NA,NA,"Z2","1","0"
"57","Check",585,"2019","Z2-F","GOM","C2-F","5_31_2019","122",NA,"SL18-ME-1-FG1","ME","SL18-ME-2-MG2","ME","SL18-ME-1-FG1xSL18-ME-2-MG2","ME X ME","1",1,"3",45,"8",3,2.36,0.82,2.87804878,10.21,0.24,NA,120,NA,NA,NA,NA,NA,NA,NA,NA,NA,NA,NA,NA,NA,NA,NA,NA,NA,NA,NA,NA,"Z2","1","0"
"58","Check",586,"2019","Z2-G","GOM","C2-G","5_31_2019","122",NA,"SL18-ME-1-FG1","ME","SL18-ME-2-MG2","ME","SL18-ME-1-FG1xSL18-ME-2-MG2","ME X ME","1",1,"4",8,"2",3,3.06,0.87,3.517241379,9.82,0.3,NA,220,NA,NA,NA,NA,NA,NA,NA,NA,NA,NA,NA,NA,NA,NA,NA,NA,NA,NA,NA,NA,"Z2","1","0"
"59","Check",587,"2019","Z2-H","GOM","C2-H","5_31_2019","122",NA,"SL18-ME-1-FG1","ME","SL18-ME-2-MG2","ME","SL18-ME-1-FG1xSL18-ME-2-MG2","ME X ME","2",1,"4",20,"4",2,1.15,0.84,1.369047619,10.92,0.13,NA,180,NA,NA,NA,NA,NA,NA,NA,NA,NA,NA,NA,NA,NA,NA,NA,NA,NA,NA,NA,NA,"Z2","1","0"
"61","Check",589,"2020","Z3-A","GOM","C3-A","6_9_2020","185",NA,"SL18-OI-15-FG","OI","SL18-ME-MG1","ME","SL18-OI-15-FGxSL18-ME-MG1","OI X ME",NA,NA,"1",2,"1",3,2.54,0.82,3.1,13.68,0.424155947,NA,60,NA,NA,NA,NA,NA,NA,NA,NA,NA,NA,NA,NA,NA,NA,NA,NA,NA,NA,NA,NA,"Z3","0","0"
"62","Check",590,"2020","Z3-B","GOM","C3-B","6_9_2020","185",NA,"SL18-OI-15-FG","OI","SL18-ME-MG1","ME","SL18-OI-15-FGxSL18-ME-MG1","OI X ME",NA,NA,"1",17,"3",3,2.09,1.06,1.97,10.99,0.216209429,NA,90,NA,NA,NA,NA,NA,NA,NA,NA,NA,NA,NA,NA,NA,NA,NA,NA,NA,NA,NA,NA,"Z3","0","0"
"63","Check",591,"2020","Z3-C","GOM","C3-C","6_9_2020","185",NA,"SL18-OI-15-FG","OI","SL18-ME-MG1","ME","SL18-OI-15-FGxSL18-ME-MG1","OI X ME",NA,NA,"1",33,"6",3,3.51,1.08,3.25,13.57,0.441624815,NA,130,NA,NA,NA,NA,NA,NA,NA,NA,NA,NA,NA,NA,NA,NA,NA,NA,NA,NA,NA,NA,"Z3","0","0"
"64","Check",592,"2020","Z3-D","GOM","C3-D","6_9_2020","185",NA,"SL18-OI-15-FG","OI","SL18-ME-MG1","ME","SL18-OI-15-FGxSL18-ME-MG1","OI X ME",NA,NA,"2",39,"7",3,3.9,0.992,3.93,11.77,0.462943058,NA,130,NA,NA,NA,NA,NA,NA,NA,NA,NA,NA,NA,NA,NA,NA,NA,NA,NA,NA,NA,NA,"Z3","0","0"
"39","Check",593,"2020","Z3-E","GOM","C3-E","6_9_2020","185",NA,"SL18-OI-15-FG","OI","SL18-ME-MG1","ME","SL18-OI-15-FGxSL18-ME-MG1","OI X ME",NA,NA,"3",12,"2",3,2.25,1.02,2.2,11.39,0.251174836,NA,20,NA,NA,NA,NA,NA,NA,NA,NA,NA,23.65,NA,NA,NA,14.58,0.75,6.79,0.23,0.55,0.75,NA,"Z3","0","0"
"65","Check",594,"2020","Z3-F","GOM","C3-F","6_9_2020","185",NA,"SL18-OI-15-FG","OI","SL18-ME-MG1","ME","SL18-OI-15-FGxSL18-ME-MG1","OI X ME",NA,NA,"3",23,"4",3,1.05,0.98,1.07,8.37,0.089811911,NA,70,NA,NA,NA,NA,NA,NA,NA,NA,NA,NA,NA,NA,NA,NA,NA,NA,NA,NA,NA,NA,"Z3","0","0"
"67","Check",596,"2020","Z3-H","GOM","C3-H","6_9_2020","185",NA,"SL18-OI-15-FG","OI","SL18-ME-MG1","ME","SL18-OI-15-FGxSL18-ME-MG1","OI X ME",NA,NA,"4",46,"8",2,1.73,0.99,1.75,13.79,0.241059201,NA,60,NA,NA,NA,NA,NA,NA,NA,NA,NA,NA,NA,NA,NA,NA,NA,NA,NA,NA,NA,NA,"Z3","0","0"
"68","Check",597,"2020","Z3-I","GOM","C3-I","6_9_2020","185",NA,"SL18-OI-15-FG","OI","SL18-ME-MG1","ME","SL18-OI-15-FGxSL18-ME-MG1","OI X ME",NA,NA,"4",60,"10",2,1.37,0.94,1.46,14.71,0.215019677,NA,80,NA,NA,NA,NA,NA,NA,NA,NA,NA,NA,NA,NA,NA,NA,NA,NA,NA,NA,NA,NA,"Z3","0","0"
"69","Check",598,"2020","Z3-J","GOM","C3-J","6_9_2020","185",NA,"SL18-OI-15-FG","OI","SL18-ME-MG1","ME","SL18-OI-15-FGxSL18-ME-MG1","OI X ME",NA,NA,"5",29,"5",3,1.83,1,1.83,12.41,0.227034897,NA,70,NA,NA,NA,NA,NA,NA,NA,NA,NA,NA,NA,NA,NA,NA,NA,NA,NA,NA,NA,NA,"Z3","0","0"
"70","Check",599,"2020","Z3-K","GOM","C3-K","6_9_2020","185",NA,"SL18-OI-15-FG","OI","SL18-ME-MG1","ME","SL18-OI-15-FGxSL18-ME-MG1","OI X ME",NA,NA,"5",62,"11",3,3.04,0.87,3.49,9.52,0.332689925,NA,130,NA,NA,NA,NA,NA,NA,NA,NA,NA,NA,NA,NA,NA,NA,NA,NA,NA,NA,NA,NA,"Z3","0","0"
"74","Check",603,"2020","Z4-D","GOM","C4-D","6_9_2020","185",NA,"SL18-NL-7-FG3","NL","SL18-OI-15-MG3","OI","SL18-NL-7-FG3xSL18-OI-15-MG3","NL X OI",NA,NA,"2",14,"3",2,0.91,1.04,0.87,16.34,0.142536546,NA,60,NA,NA,NA,NA,NA,NA,NA,NA,NA,NA,NA,NA,NA,NA,NA,NA,NA,NA,NA,NA,"Z4","0","0"
"75","Check",604,"2020","Z4-E","GOM","C4-E","6_9_2020","185",NA,"SL18-NL-7-FG3","NL","SL18-OI-15-MG3","OI","SL18-NL-7-FG3xSL18-OI-15-MG3","NL X OI",NA,NA,"2",19,"4",2,0.19,0.9625,NA,NA,NA,NA,70,NA,NA,NA,NA,NA,NA,NA,NA,NA,NA,NA,NA,NA,NA,NA,NA,NA,NA,NA,NA,"Z4","0","0"
"76","Check",605,"2020","Z4-F","GOM","C4-F","6_9_2020","185",NA,"SL18-NL-7-FG3","NL","SL18-OI-15-MG3","OI","SL18-NL-7-FG3xSL18-OI-15-MG3","NL X OI",NA,NA,"2",31,"6",2,0.6,1.015,0.59,12.48,0.073658425,NA,70,NA,NA,NA,NA,NA,NA,NA,NA,NA,NA,NA,NA,NA,NA,NA,NA,NA,NA,NA,NA,"Z4","0","0"
"77","Check",606,"2020","Z4-G","GOM","C4-G","6_9_2020","185",NA,"SL18-NL-7-FG3","NL","SL18-OI-15-MG3","OI","SL18-NL-7-FG3xSL18-OI-15-MG3","NL X OI",NA,NA,"3",44,"8",2,0.6,1.07,0.56,11.37,0.063229542,NA,100,NA,NA,NA,NA,NA,NA,NA,NA,NA,NA,NA,NA,NA,NA,NA,NA,NA,NA,NA,NA,"Z4","0","0"
"78","Check",607,"2020","Z4-H","GOM","C4-H","6_9_2020","185",NA,"SL18-NL-7-FG3","NL","SL18-OI-15-MG3","OI","SL18-NL-7-FG3xSL18-OI-15-MG3","NL X OI",NA,NA,"4",3,"1",2,0.57,1.058,0.53,13.06,0.069875947,NA,30,NA,NA,NA,NA,NA,NA,NA,NA,NA,NA,NA,NA,NA,NA,NA,NA,NA,NA,NA,NA,"Z4","0","0"
"79","Check",608,"2020","Z4-I","GOM","C4-I","6_9_2020","185",NA,"SL18-NL-7-FG3","NL","SL18-OI-15-MG3","OI","SL18-NL-7-FG3xSL18-OI-15-MG3","NL X OI",NA,NA,"4",7,"2",2,0.67,1.01,0.66,12.05,0.079846029,NA,20,NA,NA,NA,NA,NA,NA,NA,NA,NA,NA,NA,NA,NA,NA,NA,NA,NA,NA,NA,NA,"Z4","0","0"
